dt,city_id,store_id,management_group_id,first_category_id,second_category_id,third_category_id,product_id,discount,holiday_flag,activity_flag,precpt,avg_temperature,avg_humidity,avg_wind_level,year,month,day,day_of_week,week_of_year,day_of_year,is_weekend,day_of_week_sin,day_of_week_cos,month_sin,month_cos,sales_lag_1,sales_lag_3,sales_lag_7,sales_rolling_mean_7,sales_rolling_std_7,temp_humidity_interaction,rain_temp_interaction,stockout_lag_1,stockout_lag_3,stockout_lag_7,stock_hours_lag_1,stock_hours_lag_3,stock_hours_lag_7,stockout_intensity_lag_7
2024-06-26,0,0,2,29,78,82,4,0.9499474763870239,0,0,8.8076,27.42,81.7,1.55,2024,6,26,2,26,178,0,0.9749279121818236,-0.22252093395631434,1.2246467991473532e-16,-1.0,0.3,1.6,0.0,0.7857142857142857,0.8434622525214535,2240.2140000000004,241.50439200000002,0.0,0.0,0.0,0.0,0.0,0.0,0.0
2024-06-27,0,0,2,29,78,82,4,1.0,0,0,6.7032,28.91,80.34,1.57,2024,6,27,3,26,179,0,0.43388373911755823,-0.900968867902419,1.2246467991473532e-16,-1.0,0.0,0.0,1.2,0.7857142857142857,0.8434622525214535,2322.6294000000003,193.789512,0.0,0.0,0.0,0.0,0.0,0.0,0.0
2024-06-28,0,0,2,29,78,82,4,0.957,0,0,5.9756,28.03,80.37,1.5,2024,6,28,4,26,180,0,-0.433883739117558,-0.9009688679024191,1.2246467991473532e-16,-1.0,0.2,0.3,0.3,0.6428571428571429,0.8462803768199216,2252.7711000000004,167.496068,0.0,0.0,1.0,0.0,0.0,6.0,0.375
2024-06-29,0,0,2,29,78,82,4,0.9499474763870239,1,0,3.0101,29.68,80.35,1.86,2024,6,29,5,26,181,1,-0.9749279121818236,-0.2225209339563146,1.2246467991473532e-16,-1.0,0.8,0.0,2.1,0.7142857142857143,0.833523787760072,2384.788,89.33976799999999,1.0,0.0,0.0,6.0,0.0,0.0,0.0
2024-06-30,0,0,2,29,78,82,4,0.925,1,0,6.441,28.28,78.61,1.4,2024,6,30,6,26,182,1,-0.7818314824680299,0.6234898018587334,1.2246467991473532e-16,-1.0,0.0,0.2,1.6,0.4142857142857143,0.5956189257922355,2223.0908,182.15148,1.0,0.0,0.0,16.0,0.0,0.0,0.0
2024-07-01,0,0,2,29,78,82,4,0.925,0,0,7.1287,28.66,77.61,1.39,2024,7,1,0,27,183,0,0.0,1.0,-0.4999999999999997,-0.8660254037844388,1.6,0.8,0.0,0.4142857142857143,0.5956189257922355,2224.3026,204.30854200000002,0.0,1.0,0.0,0.0,6.0,0.0,0.0
2024-07-02,0,0,2,29,78,82,4,0.9,0,0,4.7765,30.12,75.34,1.45,2024,7,2,1,27,184,0,0.7818314824680298,0.6234898018587336,-0.4999999999999997,-0.8660254037844388,0.4,0.0,0.3,0.4714285714285715,0.5677860093212445,2269.2408,143.86818000000002,1.0,1.0,0.0,6.0,16.0,0.0,0.0
2024-06-26,0,0,6,20,50,170,6,0.985,0,0,8.8076,27.42,81.7,1.55,2024,6,26,2,26,178,0,0.9749279121818236,-0.22252093395631434,1.2246467991473532e-16,-1.0,1.3,1.1,1.5,1.342857142857143,0.22253945610567602,2240.2140000000004,241.50439200000002,1.0,1.0,1.0,5.0,9.0,2.0,0.125
2024-06-27,0,0,6,20,50,170,6,1.0,0,0,6.7032,28.91,80.34,1.57,2024,6,27,3,26,179,0,0.43388373911755823,-0.900968867902419,1.2246467991473532e-16,-1.0,1.1,1.4,1.5,1.2857142857142858,0.22677868380553748,2322.6294000000003,193.789512,1.0,0.0,0.0,5.0,0.0,0.0,0.0
2024-06-28,0,0,6,20,50,170,6,1.0,0,0,5.9756,28.03,80.37,1.5,2024,6,28,4,26,180,0,-0.433883739117558,-0.9009688679024191,1.2246467991473532e-16,-1.0,1.2,1.3,1.0,1.2428571428571427,0.20701966780270742,2252.7711000000004,167.496068,0.0,1.0,0.0,0.0,5.0,0.0,0.0
2024-06-29,0,0,6,20,50,170,6,0.992,1,0,3.0101,29.68,80.35,1.86,2024,6,29,5,26,181,1,-0.9749279121818236,-0.2225209339563146,1.2246467991473532e-16,-1.0,1.2,1.1,1.6,1.2714285714285716,0.1799470821684889,2384.788,89.33976799999999,0.0,1.0,1.0,0.0,5.0,9.0,0.5625
2024-06-30,0,0,6,20,50,170,6,0.994,1,0,6.441,28.28,78.61,1.4,2024,6,30,6,26,182,1,-0.7818314824680299,0.6234898018587334,1.2246467991473532e-16,-1.0,2.2,1.2,1.1,1.3571428571428572,0.386683086679273,2223.0908,182.15148,0.0,0.0,1.0,0.0,0.0,9.0,0.5625
2024-07-01,0,0,6,20,50,170,6,1.0,0,0,7.1287,28.66,77.61,1.39,2024,7,1,0,27,183,0,0.0,1.0,-0.4999999999999997,-0.8660254037844388,2.7,1.2,1.4,1.5857142857142859,0.6148944934663498,2224.3026,204.30854200000002,1.0,0.0,0.0,5.0,0.0,0.0,0.0
2024-07-02,0,0,6,20,50,170,6,1.0,0,0,4.7765,30.12,75.34,1.45,2024,7,2,1,27,184,0,0.7818314824680298,0.6234898018587336,-0.4999999999999997,-0.8660254037844388,1.8,2.2,1.3,1.6428571428571428,0.613343685212848,2269.2408,143.86818000000002,1.0,0.0,1.0,4.0,0.0,5.0,0.3125
2024-06-26,0,0,6,4,28,142,18,1.0,0,0,8.8076,27.42,81.7,1.55,2024,6,26,2,26,178,0,0.9749279121818236,-0.22252093395631434,1.2246467991473532e-16,-1.0,0.7,2.0,0.5,0.7999999999999999,0.559761854124889,2240.2140000000004,241.50439200000002,1.0,1.0,1.0,4.0,8.0,13.0,0.8125
2024-06-27,0,0,6,4,28,142,18,1.0,0,0,6.7032,28.91,80.34,1.57,2024,6,27,3,26,179,0,0.43388373911755823,-0.900968867902419,1.2246467991473532e-16,-1.0,0.6,0.4,0.4,0.8142857142857143,0.5520524474738835,2322.6294000000003,193.789512,0.0,0.0,0.0,0.0,0.0,0.0,0.0
2024-06-28,0,0,6,4,28,142,18,1.0,0,0,5.9756,28.03,80.37,1.5,2024,6,28,4,26,180,0,-0.433883739117558,-0.9009688679024191,1.2246467991473532e-16,-1.0,0.5,0.7,0.9,0.8285714285714285,0.5407226205560043,2252.7711000000004,167.496068,0.0,1.0,1.0,0.0,4.0,4.0,0.25
2024-06-29,0,0,6,4,28,142,18,1.0,1,0,3.0101,29.68,80.35,1.86,2024,6,29,5,26,181,1,-0.9749279121818236,-0.2225209339563146,1.2246467991473532e-16,-1.0,0.8,0.6,0.7,0.8142857142857143,0.5398412465054626,2384.788,89.33976799999999,0.0,0.0,0.0,0.0,0.0,0.0,0.0
2024-06-30,0,0,6,4,28,142,18,1.0,1,0,6.441,28.28,78.61,1.4,2024,6,30,6,26,182,1,-0.7818314824680299,0.6234898018587334,1.2246467991473532e-16,-1.0,0.9,0.5,2.0,0.8428571428571429,0.5380741673076396,2223.0908,182.15148,0.0,0.0,1.0,0.0,0.0,8.0,0.5
2024-07-01,0,0,6,4,28,142,18,1.0,0,0,7.1287,28.66,77.61,1.39,2024,7,1,0,27,183,0,0.0,1.0,-0.4999999999999997,-0.8660254037844388,1.2,0.8,0.4,0.7285714285714285,0.26903708365382,2224.3026,204.30854200000002,1.0,0.0,0.0,9.0,0.0,0.0,0.0
2024-07-02,0,0,6,4,28,142,18,1.0,0,0,4.7765,30.12,75.34,1.45,2024,7,2,1,27,184,0,0.7818314824680298,0.6234898018587336,-0.4999999999999997,-0.8660254037844388,0.7,0.9,0.7,0.7714285714285714,0.22886885410853205,2269.2408,143.86818000000002,1.0,0.0,1.0,12.0,0.0,4.0,0.25
2024-06-26,0,0,6,4,28,81,19,1.0,0,0,8.8076,27.42,81.7,1.55,2024,6,26,2,26,178,0,0.9749279121818236,-0.22252093395631434,1.2246467991473532e-16,-1.0,1.1,1.9,1.7,1.2142857142857142,0.664400911670485,2240.2140000000004,241.50439200000002,0.0,1.0,1.0,0.0,6.0,3.0,0.1875
2024-06-27,0,0,6,4,28,81,19,1.0,0,0,6.7032,28.91,80.34,1.57,2024,6,27,3,26,179,0,0.43388373911755823,-0.900968867902419,1.2246467991473532e-16,-1.0,1.1,0.0,1.8,1.1285714285714286,0.6290582530372573,2322.6294000000003,193.789512,0.0,1.0,1.0,0.0,16.0,4.0,0.25
2024-06-28,0,0,6,4,28,81,19,1.0,0,0,5.9756,28.03,80.37,1.5,2024,6,28,4,26,180,0,-0.433883739117558,-0.9009688679024191,1.2246467991473532e-16,-1.0,1.0,1.1,0.9,1.0142857142857142,0.5550632739564368,2252.7711000000004,167.496068,1.0,0.0,0.0,6.0,0.0,0.0,0.0
2024-06-29,0,0,6,4,28,81,19,1.0,1,0,3.0101,29.68,80.35,1.86,2024,6,29,5,26,181,1,-0.9749279121818236,-0.2225209339563146,1.2246467991473532e-16,-1.0,1.0,1.1,1.1,1.0285714285714287,0.5529143565818182,2384.788,89.33976799999999,1.0,0.0,1.0,6.0,0.0,7.0,0.4375
2024-06-30,0,0,6,4,28,81,19,1.0,1,0,6.441,28.28,78.61,1.4,2024,6,30,6,26,182,1,-0.7818314824680299,0.6234898018587334,1.2246467991473532e-16,-1.0,0.3,1.0,1.9,0.9142857142857143,0.6148944934663495,2223.0908,182.15148,1.0,1.0,1.0,13.0,6.0,6.0,0.375
2024-07-01,0,0,6,4,28,81,19,1.0,0,0,7.1287,28.66,77.61,1.39,2024,7,1,0,27,183,0,0.0,1.0,-0.4999999999999997,-0.8660254037844388,0.4,1.0,0.0,0.7000000000000001,0.45460605656619607,2224.3026,204.30854200000002,1.0,1.0,1.0,15.0,6.0,16.0,1.0
2024-07-02,0,0,6,4,28,81,19,1.0,0,0,4.7765,30.12,75.34,1.45,2024,7,2,1,27,184,0,0.7818314824680298,0.6234898018587336,-0.4999999999999997,-0.8660254037844388,0.1,0.3,1.1,0.7142857142857143,0.42983939414844885,2269.2408,143.86818000000002,1.0,1.0,0.0,14.0,13.0,0.0,0.0
2024-06-26,0,0,6,4,28,81,21,1.0,0,0,8.8076,27.42,81.7,1.55,2024,6,26,2,26,178,0,0.9749279121818236,-0.22252093395631434,1.2246467991473532e-16,-1.0,1.1,0.7,1.0,0.8857142857142858,0.22677868380553673,2240.2140000000004,241.50439200000002,1.0,1.0,1.0,3.0,9.0,2.0,0.125
2024-06-27,0,0,6,4,28,81,21,1.0,0,0,6.7032,28.91,80.34,1.57,2024,6,27,3,26,179,0,0.43388373911755823,-0.900968867902419,1.2246467991473532e-16,-1.0,1.1,1.2,0.9,0.8999999999999998,0.23804761428476204,2322.6294000000003,193.789512,0.0,1.0,1.0,0.0,5.0,3.0,0.1875
2024-06-28,0,0,6,4,28,81,21,1.0,0,0,5.9756,28.03,80.37,1.5,2024,6,28,4,26,180,0,-0.433883739117558,-0.9009688679024191,1.2246467991473532e-16,-1.0,0.9,1.1,0.6,0.9,0.23804761428476204,2252.7711000000004,167.496068,0.0,1.0,0.0,0.0,3.0,0.0,0.0
2024-06-29,0,0,6,4,28,81,21,0.963,1,0,3.0101,29.68,80.35,1.86,2024,6,29,5,26,181,1,-0.9749279121818236,-0.2225209339563146,1.2246467991473532e-16,-1.0,0.8,1.1,0.7,0.9285714285714285,0.20586634591635553,2384.788,89.33976799999999,1.0,0.0,1.0,5.0,0.0,9.0,0.5625
2024-06-30,0,0,6,4,28,81,21,1.0,1,0,6.441,28.28,78.61,1.4,2024,6,30,6,26,182,1,-0.7818314824680299,0.6234898018587334,1.2246467991473532e-16,-1.0,0.8,0.9,0.7,0.942857142857143,0.1902379462422688,2223.0908,182.15148,1.0,0.0,1.0,10.0,0.0,9.0,0.5625
2024-07-01,0,0,6,4,28,81,21,1.0,0,0,7.1287,28.66,77.61,1.39,2024,7,1,0,27,183,0,0.0,1.0,-0.4999999999999997,-0.8660254037844388,1.2,0.8,1.2,1.0142857142857142,0.17728105208558412,2224.3026,204.30854200000002,1.0,1.0,1.0,10.0,5.0,5.0,0.3125
2024-07-02,0,0,6,4,28,81,21,1.0,0,0,4.7765,30.12,75.34,1.45,2024,7,2,1,27,184,0,0.7818314824680298,0.6234898018587336,-0.4999999999999997,-0.8660254037844388,0.9,0.8,1.1,0.9714285714285714,0.16035674514745513,2269.2408,143.86818000000002,0.0,1.0,1.0,0.0,10.0,3.0,0.1875
2024-06-26,0,0,6,4,53,58,23,0.8629999756813049,0,1,8.8076,27.42,81.7,1.55,2024,6,26,2,26,178,0,0.9749279121818236,-0.22252093395631434,1.2246467991473532e-16,-1.0,1.0,2.3,1.0,1.3285714285714287,0.4644505202002534,2240.2140000000004,241.50439200000002,1.0,0.0,1.0,4.0,0.0,9.0,0.5625
2024-06-27,0,0,6,4,53,58,23,0.863,0,1,6.7032,28.91,80.34,1.57,2024,6,27,3,26,179,0,0.43388373911755823,-0.900968867902419,1.2246467991473532e-16,-1.0,0.2,1.3,1.1,1.2142857142857146,0.6283008075451638,2322.6294000000003,193.789512,1.0,0.0,0.0,16.0,0.0,0.0,0.0
2024-06-28,0,0,6,4,53,58,23,0.863,0,1,5.9756,28.03,80.37,1.5,2024,6,28,4,26,180,0,-0.433883739117558,-0.9009688679024191,1.2246467991473532e-16,-1.0,0.8,1.0,1.5,1.1714285714285713,0.6473388749701499,2252.7711000000004,167.496068,0.0,1.0,0.0,0.0,4.0,0.0,0.0
2024-06-29,0,0,6,4,53,58,23,0.863,1,1,3.0101,29.68,80.35,1.86,2024,6,29,5,26,181,1,-0.9749279121818236,-0.2225209339563146,1.2246467991473532e-16,-1.0,0.6,0.2,1.1,1.042857142857143,0.66044717895565,2384.788,89.33976799999999,0.0,1.0,1.0,0.0,16.0,10.0,0.625
2024-06-30,0,0,6,4,53,58,23,0.863,1,1,6.441,28.28,78.61,1.4,2024,6,30,6,26,182,1,-0.7818314824680299,0.6234898018587334,1.2246467991473532e-16,-1.0,0.6,0.8,2.3,0.9714285714285714,0.6799859942535232,2223.0908,182.15148,0.0,0.0,0.0,0.0,0.0,0.0,0.0
2024-07-01,0,0,6,4,53,58,23,0.863,0,1,7.1287,28.66,77.61,1.39,2024,7,1,0,27,183,0,0.0,1.0,-0.4999999999999997,-0.8660254037844388,1.0,0.6,1.3,0.7857142857142857,0.3579039509354962,2224.3026,204.30854200000002,0.0,0.0,0.0,0.0,0.0,0.0,0.0
2024-07-02,0,0,6,4,53,58,23,0.863,0,1,4.7765,30.12,75.34,1.45,2024,7,2,1,27,184,0,0.7818314824680298,0.6234898018587336,-0.4999999999999997,-0.8660254037844388,0.7,0.6,1.0,0.7000000000000001,0.276887462097269,2269.2408,143.86818000000002,0.0,0.0,1.0,0.0,0.0,4.0,0.25
2024-06-26,0,0,6,4,53,156,26,0.994,0,0,8.8076,27.42,81.7,1.55,2024,6,26,2,26,178,0,0.9749279121818236,-0.22252093395631434,1.2246467991473532e-16,-1.0,1.2,0.8,1.1,0.8285714285714285,0.3087840977894091,2240.2140000000004,241.50439200000002,0.0,0.0,0.0,0.0,0.0,0.0,0.0
2024-06-27,0,0,6,4,53,156,26,1.0,0,0,6.7032,28.91,80.34,1.57,2024,6,27,3,26,179,0,0.43388373911755823,-0.900968867902419,1.2246467991473532e-16,-1.0,0.8,1.03,0.37,0.7857142857142857,0.2847137242247113,2322.6294000000003,193.789512,0.0,0.0,0.0,0.0,0.0,0.0,0.0
2024-06-28,0,0,6,4,53,156,26,1.0,0,0,5.9756,28.03,80.37,1.5,2024,6,28,4,26,180,0,-0.433883739117558,-0.9009688679024191,1.2246467991473532e-16,-1.0,0.58,1.2,0.5,0.8157142857142857,0.24137502928411012,2252.7711000000004,167.496068,0.0,0.0,0.0,0.0,0.0,0.0,0.0
2024-06-29,0,0,6,4,53,156,26,0.996,1,0,3.0101,29.68,80.35,1.86,2024,6,29,5,26,181,1,-0.9749279121818236,-0.2225209339563146,1.2246467991473532e-16,-1.0,0.4,0.8,0.8,0.8014285714285714,0.2649797835954395,2384.788,89.33976799999999,0.0,0.0,0.0,0.0,0.0,0.0,0.0
2024-06-30,0,0,6,4,53,156,26,1.0,1,0,6.441,28.28,78.61,1.4,2024,6,30,6,26,182,1,-0.7818314824680299,0.6234898018587334,1.2246467991473532e-16,-1.0,1.0,0.58,0.8,0.8300000000000001,0.27537852736430557,2223.0908,182.15148,0.0,0.0,0.0,0.0,0.0,0.0,0.0
2024-07-01,0,0,6,4,53,156,26,1.0,0,0,7.1287,28.66,77.61,1.39,2024,7,1,0,27,183,0,0.0,1.0,-0.4999999999999997,-0.8660254037844388,1.4,0.4,1.03,0.9157142857142857,0.34822680075190254,2224.3026,204.30854200000002,0.0,0.0,0.0,0.0,0.0,0.0,0.0
2024-07-02,0,0,6,4,53,156,26,1.0,0,0,4.7765,30.12,75.34,1.45,2024,7,2,1,27,184,0,0.7818314824680298,0.6234898018587336,-0.4999999999999997,-0.8660254037844388,0.6,1.0,1.2,0.8542857142857142,0.36234684777880766,2269.2408,143.86818000000002,0.0,0.0,0.0,0.0,0.0,0.0,0.0
2024-06-26,0,0,0,5,6,65,38,1.0,0,0,8.8076,27.42,81.7,1.55,2024,6,26,2,26,178,0,0.9749279121818236,-0.22252093395631434,1.2246467991473532e-16,-1.0,0.2,0.2,0.1,0.45714285714285713,0.9484322904265807,2240.2140000000004,241.50439200000002,0.0,0.0,0.0,0.0,0.0,0.0,0.0
2024-06-27,0,0,0,5,6,65,38,1.0,0,0,6.7032,28.91,80.34,1.57,2024,6,27,3,26,179,0,0.43388373911755823,-0.900968867902419,1.2246467991473532e-16,-1.0,0.2,0.1,0.0,0.4714285714285714,0.9428932172031038,2322.6294000000003,193.789512,1.0,0.0,0.0,2.0,0.0,0.0,0.0
2024-06-28,0,0,0,5,6,65,38,1.0,0,0,5.9756,28.03,80.37,1.5,2024,6,28,4,26,180,0,-0.433883739117558,-0.9009688679024191,1.2246467991473532e-16,-1.0,0.0,0.2,0.0,0.4714285714285714,0.9428932172031038,2252.7711000000004,167.496068,0.0,0.0,1.0,0.0,0.0,4.0,0.25
2024-06-29,0,0,0,5,6,65,38,0.5,1,1,3.0101,29.68,80.35,1.86,2024,6,29,5,26,181,1,-0.9749279121818236,-0.2225209339563146,1.2246467991473532e-16,-1.0,0.1,0.2,2.6,0.48571428571428565,0.9352870707766174,2384.788,89.33976799999999,0.0,1.0,0.0,0.0,2.0,0.0,0.0
2024-06-30,0,0,0,5,6,65,38,1.0,1,0,6.441,28.28,78.61,1.4,2024,6,30,6,26,182,1,-0.7818314824680299,0.6234898018587334,1.2246467991473532e-16,-1.0,3.5,0.0,0.2,0.6142857142857141,1.2746614863413364,2223.0908,182.15148,0.0,0.0,0.0,0.0,0.0,0.0,0.0
2024-07-01,0,0,0,5,6,65,38,1.0,0,0,7.1287,28.66,77.61,1.39,2024,7,1,0,27,183,0,0.0,1.0,-0.4999999999999997,-0.8660254037844388,0.0,0.1,0.1,0.5857142857142856,1.287670469528302,2224.3026,204.30854200000002,0.0,0.0,0.0,0.0,0.0,0.0,0.0
2024-07-02,0,0,0,5,6,65,38,1.0,0,0,4.7765,30.12,75.34,1.45,2024,7,2,1,27,184,0,0.7818314824680298,0.6234898018587336,-0.4999999999999997,-0.8660254037844388,0.0,3.5,0.2,0.5714285714285714,1.2944938337876648,2269.2408,143.86818000000002,0.0,0.0,0.0,0.0,0.0,0.0,0.0
2024-06-26,0,0,6,4,53,77,41,0.800000011920929,0,1,8.8076,27.42,81.7,1.55,2024,6,26,2,26,178,0,0.9749279121818236,-0.22252093395631434,1.2246467991473532e-16,-1.0,1.1,2.3,0.9,0.8714285714285713,0.7631388814501282,2240.2140000000004,241.50439200000002,1.0,1.0,1.0,5.0,7.0,6.0,0.375
2024-06-27,0,0,6,4,53,77,41,0.800000011920929,0,1,6.7032,28.91,80.34,1.57,2024,6,27,3,26,179,0,0.43388373911755823,-0.900968867902419,1.2246467991473532e-16,-1.0,0.0,1.0,0.7,0.7428571428571428,0.8303757038376123,2322.6294000000003,193.789512,1.0,1.0,1.0,16.0,9.0,12.0,0.75
2024-06-28,0,0,6,4,53,77,41,0.716,0,1,5.9756,28.03,80.37,1.5,2024,6,28,4,26,180,0,-0.433883739117558,-0.9009688679024191,1.2246467991473532e-16,-1.0,0.0,1.1,0.0,0.6428571428571429,0.877225062070054,2252.7711000000004,167.496068,1.0,1.0,1.0,16.0,5.0,16.0,1.0
2024-06-29,0,0,6,4,53,77,41,0.716,1,1,3.0101,29.68,80.35,1.86,2024,6,29,5,26,181,1,-0.9749279121818236,-0.2225209339563146,1.2246467991473532e-16,-1.0,0.8,0.0,0.1,0.7571428571428571,0.8303757038376123,2384.788,89.33976799999999,0.0,1.0,1.0,0.0,16.0,15.0,0.9375
2024-06-30,0,0,6,4,53,77,41,0.7160000205039978,1,1,6.441,28.28,78.61,1.4,2024,6,30,6,26,182,1,-0.7818314824680299,0.6234898018587334,1.2246467991473532e-16,-1.0,0.5,0.0,2.3,0.8142857142857142,0.7904188160474832,2223.0908,182.15148,1.0,1.0,1.0,12.0,16.0,7.0,0.4375
2024-07-01,0,0,6,4,53,77,41,0.716,0,1,7.1287,28.66,77.61,1.39,2024,7,1,0,27,183,0,0.0,1.0,-0.4999999999999997,-0.8660254037844388,0.1,0.8,1.0,0.49999999999999994,0.47609522856952413,2224.3026,204.30854200000002,1.0,0.0,1.0,16.0,0.0,9.0,0.5625
2024-07-02,0,0,6,4,53,77,41,0.716,0,1,4.7765,30.12,75.34,1.45,2024,7,2,1,27,184,0,0.7818314824680298,0.6234898018587336,-0.4999999999999997,-0.8660254037844388,1.0,0.5,1.1,0.5,0.47609522856952413,2269.2408,143.86818000000002,0.0,1.0,1.0,0.0,12.0,5.0,0.3125
2024-06-26,0,0,6,4,28,81,70,1.0,0,1,8.8076,27.42,81.7,1.55,2024,6,26,2,26,178,0,0.9749279121818236,-0.22252093395631434,1.2246467991473532e-16,-1.0,5.4,5.1,4.6,5.185714285714285,1.313301909220381,2240.2140000000004,241.50439200000002,0.0,1.0,1.0,0.0,9.0,4.0,0.25
2024-06-27,0,0,6,4,28,81,70,1.0,0,1,6.7032,28.91,80.34,1.57,2024,6,27,3,26,179,0,0.43388373911755823,-0.900968867902419,1.2246467991473532e-16,-1.0,5.7,5.0,2.9,5.3428571428571425,1.297249838256739,2322.6294000000003,193.789512,1.0,1.0,1.0,3.0,2.0,4.0,0.25
2024-06-28,0,0,6,4,28,81,70,1.0,0,0,5.9756,28.03,80.37,1.5,2024,6,28,4,26,180,0,-0.433883739117558,-0.9009688679024191,1.2246467991473532e-16,-1.0,2.9,5.4,6.2,5.3428571428571425,1.297249838256739,2252.7711000000004,167.496068,1.0,0.0,0.0,6.0,0.0,0.0,0.0
2024-06-29,0,0,6,4,28,81,70,1.0,1,0,3.0101,29.68,80.35,1.86,2024,6,29,5,26,181,1,-0.9749279121818236,-0.2225209339563146,1.2246467991473532e-16,-1.0,3.8,5.7,7.1,5.0,1.3490737563232018,2384.788,89.33976799999999,1.0,1.0,1.0,4.0,3.0,5.0,0.3125
2024-06-30,0,0,6,4,28,81,70,1.0,1,0,6.441,28.28,78.61,1.4,2024,6,30,6,26,182,1,-0.7818314824680299,0.6234898018587334,1.2246467991473532e-16,-1.0,6.0,2.9,5.1,4.8428571428571425,1.1058287131636335,2223.0908,182.15148,1.0,1.0,1.0,1.0,6.0,9.0,0.5625
2024-07-01,0,0,6,4,28,81,70,1.0,0,0,7.1287,28.66,77.61,1.39,2024,7,1,0,27,183,0,0.0,1.0,-0.4999999999999997,-0.8660254037844388,6.7,3.8,5.0,5.071428571428571,1.3136644494368719,2224.3026,204.30854200000002,1.0,1.0,1.0,6.0,4.0,2.0,0.125
2024-07-02,0,0,6,4,28,81,70,1.0,0,0,4.7765,30.12,75.34,1.45,2024,7,2,1,27,184,0,0.7818314824680298,0.6234898018587336,-0.4999999999999997,-0.8660254037844388,8.0,6.0,5.4,5.5,1.7146428199482227,2269.2408,143.86818000000002,0.0,1.0,0.0,0.0,1.0,0.0,0.0
2024-06-26,0,0,3,25,71,213,72,1.0,0,0,8.8076,27.42,81.7,1.55,2024,6,26,2,26,178,0,0.9749279121818236,-0.22252093395631434,1.2246467991473532e-16,-1.0,0.7,1.1,0.4,0.5285714285714286,0.2870208222079931,2240.2140000000004,241.50439200000002,1.0,1.0,0.0,2.0,5.0,0.0,0.0
2024-06-27,0,0,3,25,71,213,72,1.0,0,0,6.7032,28.91,80.34,1.57,2024,6,27,3,26,179,0,0.43388373911755823,-0.900968867902419,1.2246467991473532e-16,-1.0,0.5,0.4,0.3,0.5428571428571428,0.2819996622760557,2322.6294000000003,193.789512,1.0,0.0,1.0,2.0,0.0,9.0,0.5625
2024-06-28,0,0,3,25,71,213,72,0.967,0,0,5.9756,28.03,80.37,1.5,2024,6,28,4,26,180,0,-0.433883739117558,-0.9009688679024191,1.2246467991473532e-16,-1.0,0.6,0.7,0.3,0.5857142857142856,0.26095064302514764,2252.7711000000004,167.496068,1.0,1.0,0.0,4.0,2.0,0.0,0.0
2024-06-29,0,0,3,25,71,213,72,1.0,1,0,3.0101,29.68,80.35,1.86,2024,6,29,5,26,181,1,-0.9749279121818236,-0.2225209339563146,1.2246467991473532e-16,-1.0,0.3,0.5,0.5,0.5857142857142857,0.26095064302514764,2384.788,89.33976799999999,0.0,1.0,1.0,0.0,2.0,12.0,0.75
2024-06-30,0,0,3,25,71,213,72,1.0,1,0,6.441,28.28,78.61,1.4,2024,6,30,6,26,182,1,-0.7818314824680299,0.6234898018587334,1.2246467991473532e-16,-1.0,0.2,0.6,1.1,0.5428571428571429,0.2992052966172382,2223.0908,182.15148,1.0,1.0,1.0,13.0,4.0,5.0,0.3125
2024-07-01,0,0,3,25,71,213,72,1.0,0,0,7.1287,28.66,77.61,1.39,2024,7,1,0,27,183,0,0.0,1.0,-0.4999999999999997,-0.8660254037844388,0.0,0.3,0.4,0.38571428571428573,0.24102953780654807,2224.3026,204.30854200000002,1.0,0.0,0.0,16.0,0.0,0.0,0.0
2024-07-02,0,0,3,25,71,213,72,0.98,0,0,4.7765,30.12,75.34,1.45,2024,7,2,1,27,184,0,0.7818314824680298,0.6234898018587336,-0.4999999999999997,-0.8660254037844388,0.2,0.2,0.7,0.35714285714285715,0.2507132682112037,2269.2408,143.86818000000002,0.0,1.0,1.0,0.0,13.0,2.0,0.125
2024-06-26,0,0,6,8,29,113,76,1.0,0,0,8.8076,27.42,81.7,1.55,2024,6,26,2,26,178,0,0.9749279121818236,-0.22252093395631434,1.2246467991473532e-16,-1.0,0.6,0.0,1.3,0.7428571428571429,0.4076646614442769,2240.2140000000004,241.50439200000002,1.0,1.0,0.0,8.0,16.0,0.0,0.0
2024-06-27,0,0,6,8,29,113,76,1.0,0,0,6.7032,28.91,80.34,1.57,2024,6,27,3,26,179,0,0.43388373911755823,-0.900968867902419,1.2246467991473532e-16,-1.0,0.7,0.9,1.0,0.6571428571428571,0.3258688021128702,2322.6294000000003,193.789512,0.0,0.0,0.0,0.0,0.0,0.0,0.0
2024-06-28,0,0,6,8,29,113,76,1.0,0,0,5.9756,28.03,80.37,1.5,2024,6,28,4,26,180,0,-0.433883739117558,-0.9009688679024191,1.2246467991473532e-16,-1.0,1.0,0.6,0.8,0.6571428571428571,0.3258688021128702,2252.7711000000004,167.496068,0.0,1.0,0.0,0.0,8.0,0.0,0.0
2024-06-29,0,0,6,8,29,113,76,1.0,1,0,3.0101,29.68,80.35,1.86,2024,6,29,5,26,181,1,-0.9749279121818236,-0.2225209339563146,1.2246467991473532e-16,-1.0,0.8,0.7,0.6,0.6571428571428573,0.3258688021128702,2384.788,89.33976799999999,1.0,0.0,1.0,11.0,0.0,11.0,0.6875
2024-06-30,0,0,6,8,29,113,76,1.0,1,0,6.441,28.28,78.61,1.4,2024,6,30,6,26,182,1,-0.7818314824680299,0.6234898018587334,1.2246467991473532e-16,-1.0,0.1,1.0,0.0,0.5857142857142856,0.3891382420536079,2223.0908,182.15148,1.0,0.0,1.0,16.0,0.0,16.0,1.0
2024-07-01,0,0,6,8,29,113,76,1.0,0,0,7.1287,28.66,77.61,1.39,2024,7,1,0,27,183,0,0.0,1.0,-0.4999999999999997,-0.8660254037844388,1.0,0.8,0.9,0.7285714285714285,0.3147183169877784,2224.3026,204.30854200000002,1.0,1.0,0.0,11.0,11.0,0.0,0.0
2024-07-02,0,0,6,8,29,113,76,1.0,0,0,4.7765,30.12,75.34,1.45,2024,7,2,1,27,184,0,0.7818314824680298,0.6234898018587336,-0.4999999999999997,-0.8660254037844388,1.2,0.1,0.6,0.7714285714285715,0.35923198500080655,2269.2408,143.86818000000002,0.0,1.0,1.0,0.0,16.0,8.0,0.5
2024-06-26,0,0,6,4,53,77,90,0.808,0,1,8.8076,27.42,81.7,1.55,2024,6,26,2,26,178,0,0.9749279121818236,-0.22252093395631434,1.2246467991473532e-16,-1.0,2.2,0.3,1.5,1.542857142857143,0.8580154288767052,2240.2140000000004,241.50439200000002,0.0,1.0,1.0,0.0,13.0,9.0,0.5625
2024-06-27,0,0,6,4,53,77,90,0.808,0,1,6.7032,28.91,80.34,1.57,2024,6,27,3,26,179,0,0.43388373911755823,-0.900968867902419,1.2246467991473532e-16,-1.0,1.2,1.4,1.9,1.5,0.8679477710861025,2322.6294000000003,193.789512,0.0,0.0,0.0,0.0,0.0,0.0,0.0
2024-06-28,0,0,6,4,53,77,90,0.72,0,1,5.9756,28.03,80.37,1.5,2024,6,28,4,26,180,0,-0.433883739117558,-0.9009688679024191,1.2246467991473532e-16,-1.0,1.3,2.2,0.7,1.4142857142857144,0.8513294924774455,2252.7711000000004,167.496068,1.0,0.0,0.0,5.0,0.0,0.0,0.0
2024-06-29,0,0,6,4,53,77,90,0.726,1,1,3.0101,29.68,80.35,1.86,2024,6,29,5,26,181,1,-0.9749279121818236,-0.2225209339563146,1.2246467991473532e-16,-1.0,1.5,1.2,2.8,1.5285714285714287,0.7910210399946931,2384.788,89.33976799999999,0.0,0.0,0.0,0.0,0.0,0.0,0.0
2024-06-30,0,0,6,4,53,77,90,0.726,1,1,6.441,28.28,78.61,1.4,2024,6,30,6,26,182,1,-0.7818314824680299,0.6234898018587334,1.2246467991473532e-16,-1.0,2.2,1.3,0.3,1.442857142857143,0.6502746672423454,2223.0908,182.15148,1.0,1.0,1.0,3.0,5.0,13.0,0.8125
2024-07-01,0,0,6,4,53,77,90,0.726,0,1,7.1287,28.66,77.61,1.39,2024,7,1,0,27,183,0,0.0,1.0,-0.4999999999999997,-0.8660254037844388,3.5,1.5,1.4,1.9000000000000001,0.8164965809277263,2224.3026,204.30854200000002,0.0,0.0,0.0,0.0,0.0,0.0,0.0
2024-07-02,0,0,6,4,53,77,90,0.726,0,1,4.7765,30.12,75.34,1.45,2024,7,2,1,27,184,0,0.7818314824680298,0.6234898018587336,-0.4999999999999997,-0.8660254037844388,2.0,2.2,2.2,1.985714285714286,0.7861903319777205,2269.2408,143.86818000000002,0.0,1.0,0.0,0.0,3.0,0.0,0.0
2024-06-26,0,0,6,21,61,223,93,0.971,0,0,8.8076,27.42,81.7,1.55,2024,6,26,2,26,178,0,0.9749279121818236,-0.22252093395631434,1.2246467991473532e-16,-1.0,1.0,0.3,1.0,0.7571428571428571,0.4035556254807297,2240.2140000000004,241.50439200000002,1.0,0.0,1.0,3.0,0.0,5.0,0.3125
2024-06-27,0,0,6,21,61,223,93,0.971,0,0,6.7032,28.91,80.34,1.57,2024,6,27,3,26,179,0,0.43388373911755823,-0.900968867902419,1.2246467991473532e-16,-1.0,0.8,0.6,0.3,0.7285714285714285,0.39036002917941337,2322.6294000000003,193.789512,0.0,1.0,0.0,0.0,4.0,0.0,0.0
2024-06-28,0,0,6,21,61,223,93,0.971,0,0,5.9756,28.03,80.37,1.5,2024,6,28,4,26,180,0,-0.433883739117558,-0.9009688679024191,1.2246467991473532e-16,-1.0,0.5,1.0,1.4,0.7571428571428571,0.3598941643369751,2252.7711000000004,167.496068,0.0,1.0,1.0,0.0,3.0,2.0,0.125
2024-06-29,0,0,6,21,61,223,93,0.971,1,0,3.0101,29.68,80.35,1.86,2024,6,29,5,26,181,1,-0.9749279121818236,-0.2225209339563146,1.2246467991473532e-16,-1.0,0.9,0.8,0.7,0.6857142857142857,0.24102953780654807,2384.788,89.33976799999999,0.0,0.0,1.0,0.0,0.0,10.0,0.625
2024-06-30,0,0,6,21,61,223,93,0.971,1,0,6.441,28.28,78.61,1.4,2024,6,30,6,26,182,1,-0.7818314824680299,0.6234898018587334,1.2246467991473532e-16,-1.0,0.8,0.5,0.3,0.7,0.244948974278318,2223.0908,182.15148,0.0,0.0,0.0,0.0,0.0,0.0,0.0
2024-07-01,0,0,6,21,61,223,93,0.971,0,0,7.1287,28.66,77.61,1.39,2024,7,1,0,27,183,0,0.0,1.0,-0.4999999999999997,-0.8660254037844388,1.3,0.9,0.6,0.8428571428571429,0.26367367999823127,2224.3026,204.30854200000002,0.0,0.0,1.0,0.0,0.0,4.0,0.25
2024-07-02,0,0,6,21,61,223,93,0.971,0,0,4.7765,30.12,75.34,1.45,2024,7,2,1,27,184,0,0.7818314824680298,0.6234898018587336,-0.4999999999999997,-0.8660254037844388,0.5,0.8,1.0,0.8285714285714286,0.2811540841738195,2269.2408,143.86818000000002,1.0,0.0,1.0,12.0,0.0,3.0,0.1875
2024-06-26,0,0,6,20,50,2,104,0.998,0,0,8.8076,27.42,81.7,1.55,2024,6,26,2,26,178,0,0.9749279121818236,-0.22252093395631434,1.2246467991473532e-16,-1.0,3.1,4.6,3.6,3.9,0.7257180352359079,2240.2140000000004,241.50439200000002,0.0,1.0,0.0,0.0,4.0,0.0,0.0
2024-06-27,0,0,6,20,50,2,104,0.999,0,0,6.7032,28.91,80.34,1.57,2024,6,27,3,26,179,0,0.43388373911755823,-0.900968867902419,1.2246467991473532e-16,-1.0,2.3,5.1,3.2,3.7142857142857144,0.9476788686550088,2322.6294000000003,193.789512,1.0,0.0,0.0,4.0,0.0,0.0,0.0
2024-06-28,0,0,6,20,50,2,104,1.0,0,0,5.9756,28.03,80.37,1.5,2024,6,28,4,26,180,0,-0.433883739117558,-0.9009688679024191,1.2246467991473532e-16,-1.0,2.8,3.1,3.8,3.657142857142857,0.9947481136065597,2252.7711000000004,167.496068,1.0,0.0,0.0,1.0,0.0,0.0,0.0
2024-06-29,0,0,6,20,50,2,104,0.999,1,0,3.0101,29.68,80.35,1.86,2024,6,29,5,26,181,1,-0.9749279121818236,-0.2225209339563146,1.2246467991473532e-16,-1.0,2.9,2.3,3.9,3.5285714285714285,1.0307186582093832,2384.788,89.33976799999999,0.0,1.0,1.0,0.0,4.0,4.0,0.25
2024-06-30,0,0,6,20,50,2,104,1.0,1,0,6.441,28.28,78.61,1.4,2024,6,30,6,26,182,1,-0.7818314824680299,0.6234898018587334,1.2246467991473532e-16,-1.0,5.2,2.8,4.6,3.7142857142857144,1.2102734834581415,2223.0908,182.15148,0.0,1.0,1.0,0.0,1.0,4.0,0.25
2024-07-01,0,0,6,20,50,2,104,1.0,0,0,7.1287,28.66,77.61,1.39,2024,7,1,0,27,183,0,0.0,1.0,-0.4999999999999997,-0.8660254037844388,4.0,2.9,5.1,3.6285714285714286,1.1571722512433567,2224.3026,204.30854200000002,1.0,0.0,0.0,5.0,0.0,0.0,0.0
2024-07-02,0,0,6,20,50,2,104,1.0,0,0,4.7765,30.12,75.34,1.45,2024,7,2,1,27,184,0,0.7818314824680298,0.6234898018587336,-0.4999999999999997,-0.8660254037844388,3.7,5.2,3.1,3.4285714285714284,0.9655987533033333,2269.2408,143.86818000000002,0.0,0.0,0.0,0.0,0.0,0.0,0.0
2024-06-26,0,0,6,4,28,1,117,1.0,0,0,8.8076,27.42,81.7,1.55,2024,6,26,2,26,178,0,0.9749279121818236,-0.22252093395631434,1.2246467991473532e-16,-1.0,5.1,6.2,5.2,5.128571428571428,0.9759000729485331,2240.2140000000004,241.50439200000002,0.0,1.0,0.0,0.0,4.0,0.0,0.0
2024-06-27,0,0,6,4,28,1,117,1.0,0,0,6.7032,28.91,80.34,1.57,2024,6,27,3,26,179,0,0.43388373911755823,-0.900968867902419,1.2246467991473532e-16,-1.0,3.5,4.8,3.7,4.885714285714286,1.1509830167130641,2322.6294000000003,193.789512,0.0,0.0,0.0,0.0,0.0,0.0,0.0
2024-06-28,0,0,6,4,28,1,117,1.0,0,0,5.9756,28.03,80.37,1.5,2024,6,28,4,26,180,0,-0.433883739117558,-0.9009688679024191,1.2246467991473532e-16,-1.0,3.6,5.1,4.4,4.871428571428572,1.168637790641004,2252.7711000000004,167.496068,0.0,0.0,0.0,0.0,0.0,0.0,0.0
2024-06-29,0,0,6,4,28,1,117,1.0,1,0,3.0101,29.68,80.35,1.86,2024,6,29,5,26,181,1,-0.9749279121818236,-0.2225209339563146,1.2246467991473532e-16,-1.0,4.7,3.5,6.5,4.914285714285714,1.1538754575033532,2384.788,89.33976799999999,0.0,0.0,0.0,0.0,0.0,0.0,0.0
2024-06-30,0,0,6,4,28,1,117,1.0,1,0,6.441,28.28,78.61,1.4,2024,6,30,6,26,182,1,-0.7818314824680299,0.6234898018587334,1.2246467991473532e-16,-1.0,5.5,3.6,6.2,4.771428571428571,0.97247842429243,2223.0908,182.15148,1.0,0.0,1.0,4.0,0.0,4.0,0.25
2024-07-01,0,0,6,4,28,1,117,1.0,0,0,7.1287,28.66,77.61,1.39,2024,7,1,0,27,183,0,0.0,1.0,-0.4999999999999997,-0.8660254037844388,5.4,4.7,4.8,4.6571428571428575,0.8100558475750166,2224.3026,204.30854200000002,1.0,0.0,0.0,10.0,0.0,0.0,0.0
2024-07-02,0,0,6,4,28,1,117,1.0,0,0,4.7765,30.12,75.34,1.45,2024,7,2,1,27,184,0,0.7818314824680298,0.6234898018587336,-0.4999999999999997,-0.8660254037844388,2.9,5.5,5.1,4.385714285714285,1.0399175791516242,2269.2408,143.86818000000002,1.0,1.0,0.0,13.0,4.0,0.0,0.0
2024-06-26,0,0,6,4,28,180,118,1.0,0,0,8.8076,27.42,81.7,1.55,2024,6,26,2,26,178,0,0.9749279121818236,-0.22252093395631434,1.2246467991473532e-16,-1.0,0.7,1.0,1.4,1.2428571428571427,0.5191568255583341,2240.2140000000004,241.50439200000002,1.0,1.0,0.0,10.0,5.0,0.0,0.0
2024-06-27,0,0,6,4,28,180,118,1.0,0,0,6.7032,28.91,80.34,1.57,2024,6,27,3,26,179,0,0.43388373911755823,-0.900968867902419,1.2246467991473532e-16,-1.0,0.9,0.7,1.4,1.1714285714285713,0.5282495802626026,2322.6294000000003,193.789512,1.0,1.0,1.0,2.0,5.0,3.0,0.1875
2024-06-28,0,0,6,4,28,180,118,1.0,0,0,5.9756,28.03,80.37,1.5,2024,6,28,4,26,180,0,-0.433883739117558,-0.9009688679024191,1.2246467991473532e-16,-1.0,0.9,0.7,1.3,1.1,0.5259911279353134,2252.7711000000004,167.496068,0.0,1.0,0.0,0.0,10.0,0.0,0.0
2024-06-29,0,0,6,4,28,180,118,0.997,1,0,3.0101,29.68,80.35,1.86,2024,6,29,5,26,181,1,-0.9749279121818236,-0.2225209339563146,1.2246467991473532e-16,-1.0,1.1,0.9,2.2,1.0714285714285714,0.518698003705061,2384.788,89.33976799999999,0.0,1.0,0.0,0.0,2.0,0.0,0.0
2024-06-30,0,0,6,4,28,180,118,0.996,1,0,6.441,28.28,78.61,1.4,2024,6,30,6,26,182,1,-0.7818314824680299,0.6234898018587334,1.2246467991473532e-16,-1.0,1.6,0.9,1.0,0.9857142857142858,0.30783421635987923,2223.0908,182.15148,1.0,0.0,1.0,5.0,0.0,5.0,0.3125
2024-07-01,0,0,6,4,28,180,118,1.0,0,0,7.1287,28.66,77.61,1.39,2024,7,1,0,27,183,0,0.0,1.0,-0.4999999999999997,-0.8660254037844388,1.6,1.1,0.7,1.0714285714285714,0.3860668582611249,2224.3026,204.30854200000002,1.0,0.0,1.0,5.0,0.0,5.0,0.3125
2024-07-02,0,0,6,4,28,180,118,1.0,0,0,4.7765,30.12,75.34,1.45,2024,7,2,1,27,184,0,0.7818314824680298,0.6234898018587336,-0.4999999999999997,-0.8660254037844388,1.5,1.6,0.7,1.1857142857142857,0.37606990231680104,2269.2408,143.86818000000002,1.0,1.0,1.0,4.0,5.0,10.0,0.625
2024-06-26,0,0,6,20,68,127,122,1.0,0,0,8.8076,27.42,81.7,1.55,2024,6,26,2,26,178,0,0.9749279121818236,-0.22252093395631434,1.2246467991473532e-16,-1.0,4.5,2.8,1.5,2.7142857142857144,1.1668027131561594,2240.2140000000004,241.50439200000002,0.0,1.0,1.0,0.0,5.0,8.0,0.5
2024-06-27,0,0,6,20,68,127,122,0.963,0,0,6.7032,28.91,80.34,1.57,2024,6,27,3,26,179,0,0.43388373911755823,-0.900968867902419,1.2246467991473532e-16,-1.0,1.1,3.4,1.2,2.6571428571428575,1.2434590770067502,2322.6294000000003,193.789512,0.0,0.0,1.0,0.0,0.0,1.0,0.0625
2024-06-28,0,0,6,20,68,127,122,0.919,0,0,5.9756,28.03,80.37,1.5,2024,6,28,4,26,180,0,-0.433883739117558,-0.9009688679024191,1.2246467991473532e-16,-1.0,1.2,4.5,2.2,2.6571428571428575,1.2434590770067502,2252.7711000000004,167.496068,0.0,0.0,0.0,0.0,0.0,0.0,0.0
2024-06-29,0,0,6,20,68,127,122,0.919,1,0,3.0101,29.68,80.35,1.86,2024,6,29,5,26,181,1,-0.9749279121818236,-0.2225209339563146,1.2246467991473532e-16,-1.0,1.8399999999999999,1.1,3.4,2.6057142857142854,1.2726200944358486,2384.788,89.33976799999999,0.0,0.0,1.0,0.0,0.0,8.0,0.5
2024-06-30,0,0,6,20,68,127,122,0.919,1,0,6.441,28.28,78.61,1.4,2024,6,30,6,26,182,1,-0.7818314824680299,0.6234898018587334,1.2246467991473532e-16,-1.0,2.6,1.2,2.8,2.491428571428571,1.2244104509440268,2223.0908,182.15148,0.0,0.0,1.0,0.0,0.0,5.0,0.3125
2024-07-01,0,0,6,20,68,127,122,0.919,0,0,7.1287,28.66,77.61,1.39,2024,7,1,0,27,183,0,0.0,1.0,-0.4999999999999997,-0.8660254037844388,3.8,1.8399999999999999,3.4,2.6342857142857143,1.3209448278013889,2224.3026,204.30854200000002,0.0,0.0,0.0,0.0,0.0,0.0,0.0
2024-07-02,0,0,6,20,68,127,122,0.878,0,1,4.7765,30.12,75.34,1.45,2024,7,2,1,27,184,0,0.7818314824680298,0.6234898018587336,-0.4999999999999997,-0.8660254037844388,1.3,2.6,4.5,2.334285714285714,1.3560587148406371,2269.2408,143.86818000000002,0.0,0.0,0.0,0.0,0.0,0.0,0.0
2024-06-26,0,0,6,20,58,172,127,0.928,0,0,8.8076,27.42,81.7,1.55,2024,6,26,2,26,178,0,0.9749279121818236,-0.22252093395631434,1.2246467991473532e-16,-1.0,0.4,0.8,0.8,0.7571428571428572,0.18126539343499284,2240.2140000000004,241.50439200000002,0.0,0.0,1.0,0.0,0.0,1.0,0.0625
2024-06-27,0,0,6,20,58,172,127,0.939,0,0,6.7032,28.91,80.34,1.57,2024,6,27,3,26,179,0,0.43388373911755823,-0.900968867902419,1.2246467991473532e-16,-1.0,1.3,0.7,0.8,0.8285714285714285,0.27516228977511736,2322.6294000000003,193.789512,0.0,0.0,0.0,0.0,0.0,0.0,0.0
2024-06-28,0,0,6,20,58,172,127,0.939,0,0,5.9756,28.03,80.37,1.5,2024,6,28,4,26,180,0,-0.433883739117558,-0.9009688679024191,1.2246467991473532e-16,-1.0,0.4,0.4,1.0,0.7714285714285715,0.3199702367110921,2252.7711000000004,167.496068,0.0,0.0,0.0,0.0,0.0,0.0,0.0
2024-06-29,0,0,6,20,58,172,127,0.939,1,0,3.0101,29.68,80.35,1.86,2024,6,29,5,26,181,1,-0.9749279121818236,-0.2225209339563146,1.2246467991473532e-16,-1.0,0.8,1.3,0.8,0.7428571428571429,0.30472470011002184,2384.788,89.33976799999999,0.0,0.0,0.0,0.0,0.0,0.0,0.0
2024-06-30,0,0,6,20,58,172,127,0.925,1,0,6.441,28.28,78.61,1.4,2024,6,30,6,26,182,1,-0.7818314824680299,0.6234898018587334,1.2246467991473532e-16,-1.0,0.6,0.4,0.8,0.7142857142857143,0.3078342163598852,2223.0908,182.15148,1.0,0.0,0.0,2.0,0.0,0.0,0.0
2024-07-01,0,0,6,20,58,172,127,0.939,0,0,7.1287,28.66,77.61,1.39,2024,7,1,0,27,183,0,0.0,1.0,-0.4999999999999997,-0.8660254037844388,1.1,0.8,0.7,0.7571428571428571,0.34086724129853857,2224.3026,204.30854200000002,1.0,0.0,0.0,6.0,0.0,0.0,0.0
2024-07-02,0,0,6,20,58,172,127,0.939,0,0,4.7765,30.12,75.34,1.45,2024,7,2,1,27,184,0,0.7818314824680298,0.6234898018587336,-0.4999999999999997,-0.8660254037844388,0.8,0.6,0.4,0.7714285714285715,0.34016802570830434,2269.2408,143.86818000000002,0.0,1.0,0.0,0.0,2.0,0.0,0.0
2024-06-26,0,0,6,10,33,181,129,1.0,0,0,8.8076,27.42,81.7,1.55,2024,6,26,2,26,178,0,0.9749279121818236,-0.22252093395631434,1.2246467991473532e-16,-1.0,1.0,0.0,0.2,0.6142857142857142,0.5080307452263498,2240.2140000000004,241.50439200000002,1.0,1.0,1.0,9.0,16.0,14.0,0.875
2024-06-27,0,0,6,10,33,181,129,1.0,0,0,6.7032,28.91,80.34,1.57,2024,6,27,3,26,179,0,0.43388373911755823,-0.900968867902419,1.2246467991473532e-16,-1.0,1.4,0.3,1.1,0.7857142857142857,0.5459809869356625,2322.6294000000003,193.789512,0.0,1.0,0.0,0.0,10.0,0.0,0.0
2024-06-28,0,0,6,10,33,181,129,1.0,0,0,5.9756,28.03,80.37,1.5,2024,6,28,4,26,180,0,-0.433883739117558,-0.9009688679024191,1.2246467991473532e-16,-1.0,1.9,1.0,1.3,0.9,0.6879922480183444,2252.7711000000004,167.496068,1.0,1.0,0.0,5.0,9.0,0.0,0.0
2024-06-29,0,0,6,10,33,181,129,1.0,1,0,3.0101,29.68,80.35,1.86,2024,6,29,5,26,181,1,-0.9749279121818236,-0.2225209339563146,1.2246467991473532e-16,-1.0,0.8,1.4,0.4,0.8285714285714286,0.6651172470932882,2384.788,89.33976799999999,1.0,0.0,1.0,3.0,0.0,13.0,0.8125
2024-06-30,0,0,6,10,33,181,129,1.0,1,0,6.441,28.28,78.61,1.4,2024,6,30,6,26,182,1,-0.7818314824680299,0.6234898018587334,1.2246467991473532e-16,-1.0,0.0,1.9,0.0,0.7714285714285715,0.722759263089,2223.0908,182.15148,1.0,1.0,1.0,16.0,5.0,16.0,1.0
2024-07-01,0,0,6,10,33,181,129,1.0,0,0,7.1287,28.66,77.61,1.39,2024,7,1,0,27,183,0,0.0,1.0,-0.4999999999999997,-0.8660254037844388,0.0,0.8,0.3,0.7714285714285715,0.722759263089,2224.3026,204.30854200000002,1.0,1.0,1.0,16.0,3.0,10.0,0.625
2024-07-02,0,0,6,10,33,181,129,1.0,0,0,4.7765,30.12,75.34,1.45,2024,7,2,1,27,184,0,0.7818314824680298,0.6234898018587336,-0.4999999999999997,-0.8660254037844388,0.9,0.0,1.0,0.8571428571428571,0.6924765768773782,2269.2408,143.86818000000002,1.0,1.0,1.0,8.0,16.0,9.0,0.5625
2024-06-26,0,0,6,4,28,161,136,0.706,0,1,8.8076,27.42,81.7,1.55,2024,6,26,2,26,178,0,0.9749279121818236,-0.22252093395631434,1.2246467991473532e-16,-1.0,0.7,1.2,0.6,0.7714285714285714,0.41518785191880603,2240.2140000000004,241.50439200000002,1.0,0.0,0.0,10.0,0.0,0.0,0.0
2024-06-27,0,0,6,4,28,161,136,0.706,0,1,6.7032,28.91,80.34,1.57,2024,6,27,3,26,179,0,0.43388373911755823,-0.900968867902419,1.2246467991473532e-16,-1.0,0.5,0.4,0.5,0.7571428571428571,0.42370250120079483,2322.6294000000003,193.789512,1.0,0.0,0.0,9.0,0.0,0.0,0.0
2024-06-28,0,0,6,4,28,161,136,0.706,0,1,5.9756,28.03,80.37,1.5,2024,6,28,4,26,180,0,-0.433883739117558,-0.9009688679024191,1.2246467991473532e-16,-1.0,0.3,0.7,0.5,0.7285714285714286,0.44986770542121873,2252.7711000000004,167.496068,0.0,1.0,0.0,0.0,10.0,0.0,0.0
2024-06-29,0,0,6,4,28,161,136,1.0,1,0,3.0101,29.68,80.35,1.86,2024,6,29,5,26,181,1,-0.9749279121818236,-0.2225209339563146,1.2246467991473532e-16,-1.0,0.5,0.5,1.5,0.7285714285714286,0.4498677054212186,2384.788,89.33976799999999,0.0,1.0,0.0,0.0,9.0,0.0,0.0
2024-06-30,0,0,6,4,28,161,136,1.0,1,0,6.441,28.28,78.61,1.4,2024,6,30,6,26,182,1,-0.7818314824680299,0.6234898018587334,1.2246467991473532e-16,-1.0,1.2,0.3,1.2,0.6857142857142857,0.3716116764786032,2223.0908,182.15148,0.0,0.0,0.0,0.0,0.0,0.0,0.0
2024-07-01,0,0,6,4,28,161,136,1.0,0,0,7.1287,28.66,77.61,1.39,2024,7,1,0,27,183,0,0.0,1.0,-0.4999999999999997,-0.8660254037844388,1.3,0.5,0.4,0.7000000000000001,0.3958114029012639,2224.3026,204.30854200000002,1.0,0.0,0.0,6.0,0.0,0.0,0.0
2024-07-02,0,0,6,4,28,161,136,1.0,0,0,4.7765,30.12,75.34,1.45,2024,7,2,1,27,184,0,0.7818314824680298,0.6234898018587336,-0.4999999999999997,-0.8660254037844388,0.6,1.2,0.7,0.7285714285714285,0.3773340063934768,2269.2408,143.86818000000002,0.0,0.0,1.0,0.0,0.0,10.0,0.625
2024-06-26,0,0,6,20,50,59,166,1.0,0,0,8.8076,27.42,81.7,1.55,2024,6,26,2,26,178,0,0.9749279121818236,-0.22252093395631434,1.2246467991473532e-16,-1.0,1.8,2.6,1.4,1.5999999999999999,0.5163977794943208,2240.2140000000004,241.50439200000002,0.0,1.0,1.0,0.0,4.0,8.0,0.5
2024-06-27,0,0,6,20,50,59,166,1.0,0,0,6.7032,28.91,80.34,1.57,2024,6,27,3,26,179,0,0.43388373911755823,-0.900968867902419,1.2246467991473532e-16,-1.0,1.8,1.2,1.0,1.6571428571428573,0.512695955569323,2322.6294000000003,193.789512,0.0,1.0,0.0,0.0,1.0,0.0,0.0
2024-06-28,0,0,6,20,50,59,166,1.0,0,0,5.9756,28.03,80.37,1.5,2024,6,28,4,26,180,0,-0.433883739117558,-0.9009688679024191,1.2246467991473532e-16,-1.0,2.0,1.8,1.6,1.8000000000000003,0.43204937989385545,2252.7711000000004,167.496068,1.0,0.0,0.0,3.0,0.0,0.0,0.0
2024-06-29,0,0,6,20,50,59,166,0.979,1,0,3.0101,29.68,80.35,1.86,2024,6,29,5,26,181,1,-0.9749279121818236,-0.2225209339563146,1.2246467991473532e-16,-1.0,1.3,1.8,1.6,1.757142857142857,0.4685336802448762,2384.788,89.33976799999999,1.0,0.0,0.0,6.0,0.0,0.0,0.0
2024-06-30,0,0,6,20,50,59,166,0.993,1,0,6.441,28.28,78.61,1.4,2024,6,30,6,26,182,1,-0.7818314824680299,0.6234898018587334,1.2246467991473532e-16,-1.0,2.0,2.0,2.6,1.8142857142857143,0.4705619740571584,2223.0908,182.15148,1.0,1.0,1.0,7.0,3.0,4.0,0.25
2024-07-01,0,0,6,20,50,59,166,0.99,0,0,7.1287,28.66,77.61,1.39,2024,7,1,0,27,183,0,0.0,1.0,-0.4999999999999997,-0.8660254037844388,2.0,1.3,1.2,1.7285714285714284,0.3401680257083021,2224.3026,204.30854200000002,1.0,1.0,1.0,9.0,6.0,1.0,0.0625
2024-07-02,0,0,6,20,50,59,166,0.978,0,0,4.7765,30.12,75.34,1.45,2024,7,2,1,27,184,0,0.7818314824680298,0.6234898018587336,-0.4999999999999997,-0.8660254037844388,1.5,2.0,1.8,1.7714285714285716,0.2751622897751144,2269.2408,143.86818000000002,0.0,1.0,0.0,0.0,7.0,0.0,0.0
2024-06-26,0,0,6,4,28,131,190,1.0,0,0,8.8076,27.42,81.7,1.55,2024,6,26,2,26,178,0,0.9749279121818236,-0.22252093395631434,1.2246467991473532e-16,-1.0,1.9,0.0,1.2,0.7999999999999999,0.7681145747868602,2240.2140000000004,241.50439200000002,0.0,1.0,1.0,0.0,16.0,2.0,0.125
2024-06-27,0,0,6,4,28,131,190,1.0,0,0,6.7032,28.91,80.34,1.57,2024,6,27,3,26,179,0,0.43388373911755823,-0.900968867902419,1.2246467991473532e-16,-1.0,1.5,0.0,1.0,0.8428571428571427,0.8017837257372727,2322.6294000000003,193.789512,0.0,1.0,0.0,0.0,16.0,0.0,0.0
2024-06-28,0,0,6,4,28,131,190,1.0,0,0,5.9756,28.03,80.37,1.5,2024,6,28,4,26,180,0,-0.433883739117558,-0.9009688679024191,1.2246467991473532e-16,-1.0,0.1,1.9,1.4,0.7142857142857142,0.8434622525214572,2252.7711000000004,167.496068,1.0,0.0,0.0,16.0,0.0,0.0,0.0
2024-06-29,0,0,6,4,28,131,190,1.0,1,0,3.0101,29.68,80.35,1.86,2024,6,29,5,26,181,1,-0.9749279121818236,-0.2225209339563146,1.2246467991473532e-16,-1.0,0.8,1.5,0.1,0.6285714285714287,0.7910210399946922,2384.788,89.33976799999999,1.0,0.0,1.0,4.0,0.0,12.0,0.75
2024-06-30,0,0,6,4,28,131,190,1.0,1,0,6.441,28.28,78.61,1.4,2024,6,30,6,26,182,1,-0.7818314824680299,0.6234898018587334,1.2246467991473532e-16,-1.0,1.0,0.1,0.0,0.7571428571428571,0.7634508123364215,2223.0908,182.15148,1.0,1.0,1.0,11.0,16.0,16.0,1.0
2024-07-01,0,0,6,4,28,131,190,1.0,0,0,7.1287,28.66,77.61,1.39,2024,7,1,0,27,183,0,0.0,1.0,-0.4999999999999997,-0.8660254037844388,0.0,0.8,0.0,0.7571428571428571,0.7634508123364215,2224.3026,204.30854200000002,1.0,1.0,1.0,16.0,4.0,16.0,1.0
2024-07-02,0,0,6,4,28,131,190,1.0,0,0,4.7765,30.12,75.34,1.45,2024,7,2,1,27,184,0,0.7818314824680298,0.6234898018587336,-0.4999999999999997,-0.8660254037844388,0.0,1.0,1.9,0.7571428571428571,0.7634508123364215,2269.2408,143.86818000000002,1.0,1.0,0.0,16.0,11.0,0.0,0.0
2024-06-26,0,0,6,8,29,114,193,0.862,0,1,8.8076,27.42,81.7,1.55,2024,6,26,2,26,178,0,0.9749279121818236,-0.22252093395631434,1.2246467991473532e-16,-1.0,0.8,0.8,0.7,0.7000000000000001,0.14142135623730998,2240.2140000000004,241.50439200000002,0.0,0.0,0.0,0.0,0.0,0.0,0.0
2024-06-27,0,0,6,8,29,114,193,0.8619999885559082,0,1,6.7032,28.91,80.34,1.57,2024,6,27,3,26,179,0,0.43388373911755823,-0.900968867902419,1.2246467991473532e-16,-1.0,1.0,0.6,0.9,0.7428571428571429,0.18126539343499368,2322.6294000000003,193.789512,1.0,0.0,0.0,7.0,0.0,0.0,0.0
2024-06-28,0,0,6,8,29,114,193,0.862,0,1,5.9756,28.03,80.37,1.5,2024,6,28,4,26,180,0,-0.433883739117558,-0.9009688679024191,1.2246467991473532e-16,-1.0,0.0,0.8,0.5,0.6142857142857144,0.3184785258515422,2252.7711000000004,167.496068,0.0,0.0,0.0,0.0,0.0,0.0,0.0
2024-06-29,0,0,6,8,29,114,193,0.862,1,1,3.0101,29.68,80.35,1.86,2024,6,29,5,26,181,1,-0.9749279121818236,-0.2225209339563146,1.2246467991473532e-16,-1.0,0.5,1.0,0.6,0.6142857142857142,0.3184785258515422,2384.788,89.33976799999999,0.0,1.0,0.0,0.0,7.0,0.0,0.0
2024-06-30,0,0,6,8,29,114,193,0.862,1,1,6.441,28.28,78.61,1.4,2024,6,30,6,26,182,1,-0.7818314824680299,0.6234898018587334,1.2246467991473532e-16,-1.0,0.9,0.0,0.8,0.6571428571428573,0.33594217189442427,2223.0908,182.15148,0.0,0.0,0.0,0.0,0.0,0.0,0.0
2024-07-01,0,0,6,8,29,114,193,0.862,0,1,7.1287,28.66,77.61,1.39,2024,7,1,0,27,183,0,0.0,1.0,-0.4999999999999997,-0.8660254037844388,0.7,0.5,0.6,0.6428571428571429,0.3309438162646487,2224.3026,204.30854200000002,0.0,0.0,0.0,0.0,0.0,0.0,0.0
2024-07-02,0,0,6,8,29,114,193,0.862,0,1,4.7765,30.12,75.34,1.45,2024,7,2,1,27,184,0,0.7818314824680298,0.6234898018587336,-0.4999999999999997,-0.8660254037844388,0.7,0.9,0.8,0.6571428571428571,0.33094381626464875,2269.2408,143.86818000000002,1.0,0.0,0.0,1.0,0.0,0.0,0.0
2024-06-26,0,0,5,18,80,109,194,0.966,0,0,8.8076,27.42,81.7,1.55,2024,6,26,2,26,178,0,0.9749279121818236,-0.22252093395631434,1.2246467991473532e-16,-1.0,0.72,1.0,0.9,0.7885714285714285,0.3429007908724509,2240.2140000000004,241.50439200000002,0.0,0.0,0.0,0.0,0.0,0.0,0.0
2024-06-27,0,0,5,18,80,109,194,0.966,0,0,6.7032,28.91,80.34,1.57,2024,6,27,3,26,179,0,0.43388373911755823,-0.900968867902419,1.2246467991473532e-16,-1.0,0.5,0.2,1.0,0.7314285714285714,0.3543740289312301,2322.6294000000003,193.789512,0.0,0.0,0.0,0.0,0.0,0.0,0.0
2024-06-28,0,0,5,18,80,109,194,0.955,0,0,5.9756,28.03,80.37,1.5,2024,6,28,4,26,180,0,-0.433883739117558,-0.9009688679024191,1.2246467991473532e-16,-1.0,0.3,0.72,0.5,0.6314285714285713,0.3645741155297311,2252.7711000000004,167.496068,1.0,0.0,1.0,5.0,0.0,9.0,0.5625
2024-06-29,0,0,5,18,80,109,194,0.824,1,1,3.0101,29.68,80.35,1.86,2024,6,29,5,26,181,1,-0.9749279121818236,-0.2225209339563146,1.2246467991473532e-16,-1.0,0.5,0.5,1.2,0.6314285714285715,0.3645741155297311,2384.788,89.33976799999999,1.0,0.0,1.0,3.0,0.0,11.0,0.6875
2024-06-30,0,0,5,18,80,109,194,0.805,1,1,6.441,28.28,78.61,1.4,2024,6,30,6,26,182,1,-0.7818314824680299,0.6234898018587334,1.2246467991473532e-16,-1.0,0.9,0.3,1.0,0.5885714285714286,0.2981849857291372,2223.0908,182.15148,1.0,1.0,0.0,7.0,5.0,0.0,0.0
2024-07-01,0,0,5,18,80,109,194,0.82,0,1,7.1287,28.66,77.61,1.39,2024,7,1,0,27,183,0,0.0,1.0,-0.4999999999999997,-0.8660254037844388,1.2,0.5,0.2,0.6171428571428572,0.34936677411732053,2224.3026,204.30854200000002,1.0,1.0,0.0,11.0,3.0,0.0,0.0
2024-07-02,0,0,5,18,80,109,194,0.888,0,0,4.7765,30.12,75.34,1.45,2024,7,2,1,27,184,0,0.7818314824680298,0.6234898018587336,-0.4999999999999997,-0.8660254037844388,0.4,0.9,0.72,0.6457142857142857,0.3161675264189932,2269.2408,143.86818000000002,1.0,1.0,0.0,12.0,7.0,0.0,0.0
2024-06-26,0,0,6,8,29,113,201,1.0,0,0,8.8076,27.42,81.7,1.55,2024,6,26,2,26,178,0,0.9749279121818236,-0.22252093395631434,1.2246467991473532e-16,-1.0,0.4,0.1,0.3,0.6571428571428571,0.5191568255583371,2240.2140000000004,241.50439200000002,0.0,1.0,1.0,0.0,8.0,10.0,0.625
2024-06-27,0,0,6,8,29,113,201,1.0,0,0,6.7032,28.91,80.34,1.57,2024,6,27,3,26,179,0,0.43388373911755823,-0.900968867902419,1.2246467991473532e-16,-1.0,0.5,0.8,0.6,0.6857142857142858,0.5014265364224071,2322.6294000000003,193.789512,0.0,0.0,0.0,0.0,0.0,0.0,0.0
2024-06-28,0,0,6,8,29,113,201,1.0,0,0,5.9756,28.03,80.37,1.5,2024,6,28,4,26,180,0,-0.433883739117558,-0.9009688679024191,1.2246467991473532e-16,-1.0,0.5,0.4,0.7,0.6714285714285714,0.5056820005836532,2252.7711000000004,167.496068,0.0,0.0,0.0,0.0,0.0,0.0,0.0
2024-06-29,0,0,6,8,29,113,201,1.0,1,0,3.0101,29.68,80.35,1.86,2024,6,29,5,26,181,1,-0.9749279121818236,-0.2225209339563146,1.2246467991473532e-16,-1.0,0.7,0.5,1.7,0.6714285714285715,0.5056820005836532,2384.788,89.33976799999999,0.0,0.0,1.0,0.0,0.0,9.0,0.5625
2024-06-30,0,0,6,8,29,113,201,1.0,1,0,6.441,28.28,78.61,1.4,2024,6,30,6,26,182,1,-0.7818314824680299,0.6234898018587334,1.2246467991473532e-16,-1.0,0.6,0.5,0.1,0.5142857142857142,0.2267786838055372,2223.0908,182.15148,1.0,0.0,1.0,12.0,0.0,8.0,0.5
2024-07-01,0,0,6,8,29,113,201,1.0,0,0,7.1287,28.66,77.61,1.39,2024,7,1,0,27,183,0,0.0,1.0,-0.4999999999999997,-0.8660254037844388,0.2,0.7,0.8,0.5285714285714286,0.19760470401187166,2224.3026,204.30854200000002,1.0,0.0,0.0,13.0,0.0,0.0,0.0
2024-07-02,0,0,6,8,29,113,201,1.0,0,0,4.7765,30.12,75.34,1.45,2024,7,2,1,27,184,0,0.7818314824680298,0.6234898018587336,-0.4999999999999997,-0.8660254037844388,0.8,0.6,0.4,0.5285714285714286,0.19760470401187166,2269.2408,143.86818000000002,0.0,1.0,0.0,0.0,12.0,0.0,0.0
2024-06-26,0,0,6,4,28,179,207,0.724,0,1,8.8076,27.42,81.7,1.55,2024,6,26,2,26,178,0,0.9749279121818236,-0.22252093395631434,1.2246467991473532e-16,-1.0,1.5,1.8,1.5,1.5857142857142859,0.6202917900165251,2240.2140000000004,241.50439200000002,1.0,0.0,0.0,4.0,0.0,0.0,0.0
2024-06-27,0,0,6,4,28,179,207,0.724,0,1,6.7032,28.91,80.34,1.57,2024,6,27,3,26,179,0,0.43388373911755823,-0.900968867902419,1.2246467991473532e-16,-1.0,1.7,1.8,1.0,1.6142857142857143,0.6202917900165251,2322.6294000000003,193.789512,0.0,1.0,0.0,0.0,6.0,0.0,0.0
2024-06-28,0,0,6,4,28,179,207,0.724,0,1,5.9756,28.03,80.37,1.5,2024,6,28,4,26,180,0,-0.433883739117558,-0.9009688679024191,1.2246467991473532e-16,-1.0,1.6,1.5,0.8,1.7,0.5597618541248888,2252.7711000000004,167.496068,1.0,1.0,0.0,2.0,4.0,0.0,0.0
2024-06-29,0,0,6,4,28,179,207,0.724,1,1,3.0101,29.68,80.35,1.86,2024,6,29,5,26,181,1,-0.9749279121818236,-0.2225209339563146,1.2246467991473532e-16,-1.0,0.8,1.7,2.7,1.7,0.5597618541248888,2384.788,89.33976799999999,0.0,0.0,0.0,0.0,0.0,0.0,0.0
2024-06-30,0,0,6,4,28,179,207,0.724,1,1,6.441,28.28,78.61,1.4,2024,6,30,6,26,182,1,-0.7818314824680299,0.6234898018587334,1.2246467991473532e-16,-1.0,1.7,1.6,1.8,1.557142857142857,0.35050983275386566,2223.0908,182.15148,0.0,1.0,0.0,0.0,2.0,0.0,0.0
2024-07-01,0,0,6,4,28,179,207,0.724,0,1,7.1287,28.66,77.61,1.39,2024,7,1,0,27,183,0,0.0,1.0,-0.4999999999999997,-0.8660254037844388,3.2,0.8,1.8,1.7571428571428573,0.7184639700016113,2224.3026,204.30854200000002,1.0,0.0,1.0,1.0,0.0,6.0,0.375
2024-07-02,0,0,6,4,28,179,207,0.724,0,1,4.7765,30.12,75.34,1.45,2024,7,2,1,27,184,0,0.7818314824680298,0.6234898018587336,-0.4999999999999997,-0.8660254037844388,1.3,1.7,1.5,1.6857142857142857,0.7380798769522882,2269.2408,143.86818000000002,1.0,0.0,1.0,5.0,0.0,4.0,0.25
2024-06-26,0,0,6,8,8,9,214,1.0,0,0,8.8076,27.42,81.7,1.55,2024,6,26,2,26,178,0,0.9749279121818236,-0.22252093395631434,1.2246467991473532e-16,-1.0,0.6,0.5,0.5,0.41428571428571426,0.1573591584938881,2240.2140000000004,241.50439200000002,0.0,0.0,1.0,0.0,0.0,8.0,0.5
2024-06-27,0,0,6,8,8,9,214,1.0,0,0,6.7032,28.91,80.34,1.57,2024,6,27,3,26,179,0,0.43388373911755823,-0.900968867902419,1.2246467991473532e-16,-1.0,0.5,0.2,0.5,0.41428571428571426,0.1573591584938881,2322.6294000000003,193.789512,0.0,0.0,1.0,0.0,0.0,11.0,0.6875
2024-06-28,0,0,6,8,8,9,214,0.9660000205039978,0,0,5.9756,28.03,80.37,1.5,2024,6,28,4,26,180,0,-0.433883739117558,-0.9009688679024191,1.2246467991473532e-16,-1.0,0.1,0.6,0.4,0.35714285714285715,0.1902379462422678,2252.7711000000004,167.496068,0.0,0.0,0.0,0.0,0.0,0.0,0.0
2024-06-29,0,0,6,8,8,9,214,1.0,1,0,3.0101,29.68,80.35,1.86,2024,6,29,5,26,181,1,-0.9749279121818236,-0.2225209339563146,1.2246467991473532e-16,-1.0,0.3,0.5,0.2,0.34285714285714286,0.19023794624226778,2384.788,89.33976799999999,1.0,0.0,0.0,1.0,0.0,0.0,0.0
2024-06-30,0,0,6,8,8,9,214,1.0,1,0,6.441,28.28,78.61,1.4,2024,6,30,6,26,182,1,-0.7818314824680299,0.6234898018587334,1.2246467991473532e-16,-1.0,0.2,0.1,0.5,0.3428571428571429,0.19023794624226778,2223.0908,182.15148,0.0,0.0,0.0,0.0,0.0,0.0,0.0
2024-07-01,0,0,6,8,8,9,214,1.0,0,0,7.1287,28.66,77.61,1.39,2024,7,1,0,27,183,0,0.0,1.0,-0.4999999999999997,-0.8660254037844388,0.3,0.3,0.2,0.31428571428571433,0.17728105208558298,2224.3026,204.30854200000002,1.0,1.0,0.0,13.0,1.0,0.0,0.0
2024-07-02,0,0,6,8,8,9,214,1.0,0,0,4.7765,30.12,75.34,1.45,2024,7,2,1,27,184,0,0.7818314824680298,0.6234898018587336,-0.4999999999999997,-0.8660254037844388,0.4,0.2,0.6,0.34285714285714286,0.17182493859684425,2269.2408,143.86818000000002,1.0,0.0,0.0,6.0,0.0,0.0,0.0
2024-06-26,0,0,6,4,28,149,215,0.981,0,0,8.8076,27.42,81.7,1.55,2024,6,26,2,26,178,0,0.9749279121818236,-0.22252093395631434,1.2246467991473532e-16,-1.0,8.2,4.7,4.9,4.785714285714286,1.6747423398128778,2240.2140000000004,241.50439200000002,0.0,1.0,1.0,0.0,8.0,4.0,0.25
2024-06-27,0,0,6,4,28,149,215,0.989,0,0,6.7032,28.91,80.34,1.57,2024,6,27,3,26,179,0,0.43388373911755823,-0.900968867902419,1.2246467991473532e-16,-1.0,3.8,2.8,3.8,4.628571428571428,1.7133926245067979,2322.6294000000003,193.789512,0.0,0.0,0.0,0.0,0.0,0.0,0.0
2024-06-28,0,0,6,4,28,149,215,0.987,0,0,5.9756,28.03,80.37,1.5,2024,6,28,4,26,180,0,-0.433883739117558,-0.9009688679024191,1.2246467991473532e-16,-1.0,3.0,8.2,4.8,4.514285714285714,1.8022472744036109,2252.7711000000004,167.496068,1.0,0.0,0.0,5.0,0.0,0.0,0.0
2024-06-29,0,0,6,4,28,149,215,1.0,1,0,3.0101,29.68,80.35,1.86,2024,6,29,5,26,181,1,-0.9749279121818236,-0.2225209339563146,1.2246467991473532e-16,-1.0,3.9,3.8,4.3,4.385714285714285,1.8105510868504215,2384.788,89.33976799999999,1.0,0.0,1.0,6.0,0.0,7.0,0.4375
2024-06-30,0,0,6,4,28,149,215,1.0,1,0,6.441,28.28,78.61,1.4,2024,6,30,6,26,182,1,-0.7818314824680299,0.6234898018587334,1.2246467991473532e-16,-1.0,6.1,3.0,4.7,4.642857142857143,1.9208133198007078,2223.0908,182.15148,0.0,1.0,1.0,0.0,5.0,8.0,0.5
2024-07-01,0,0,6,4,28,149,215,1.0,0,0,7.1287,28.66,77.61,1.39,2024,7,1,0,27,183,0,0.0,1.0,-0.4999999999999997,-0.8660254037844388,6.8,3.9,2.8,4.942857142857143,2.0879472717297767,2224.3026,204.30854200000002,1.0,1.0,0.0,6.0,6.0,0.0,0.0
2024-07-02,0,0,6,4,28,149,215,1.0,0,0,4.7765,30.12,75.34,1.45,2024,7,2,1,27,184,0,0.7818314824680298,0.6234898018587336,-0.4999999999999997,-0.8660254037844388,3.8,6.1,8.2,5.0857142857142845,1.946302966676886,2269.2408,143.86818000000002,0.0,0.0,0.0,0.0,0.0,0.0,0.0
2024-06-26,0,0,6,20,58,172,223,1.0,0,0,8.8076,27.42,81.7,1.55,2024,6,26,2,26,178,0,0.9749279121818236,-0.22252093395631434,1.2246467991473532e-16,-1.0,2.3,1.8,2.0,1.7714285714285711,0.42706082983686605,2240.2140000000004,241.50439200000002,0.0,1.0,0.0,0.0,6.0,0.0,0.0
2024-06-27,0,0,6,20,58,172,223,1.0,0,0,6.7032,28.91,80.34,1.57,2024,6,27,3,26,179,0,0.43388373911755823,-0.900968867902419,1.2246467991473532e-16,-1.0,0.8,1.6,1.0,1.5999999999999999,0.5446711546122731,2322.6294000000003,193.789512,1.0,1.0,0.0,10.0,7.0,0.0,0.0
2024-06-28,0,0,6,20,58,172,223,1.0,0,0,5.9756,28.03,80.37,1.5,2024,6,28,4,26,180,0,-0.433883739117558,-0.9009688679024191,1.2246467991473532e-16,-1.0,0.9,2.3,1.6,1.5857142857142856,0.5639993245521117,2252.7711000000004,167.496068,1.0,0.0,0.0,4.0,0.0,0.0,0.0
2024-06-29,0,0,6,20,58,172,223,1.0,1,0,3.0101,29.68,80.35,1.86,2024,6,29,5,26,181,1,-0.9749279121818236,-0.2225209339563146,1.2246467991473532e-16,-1.0,1.3,0.8,2.1,1.542857142857143,0.5740416444159862,2384.788,89.33976799999999,0.0,1.0,1.0,0.0,10.0,4.0,0.25
2024-06-30,0,0,6,20,58,172,223,1.0,1,0,6.441,28.28,78.61,1.4,2024,6,30,6,26,182,1,-0.7818314824680299,0.6234898018587334,1.2246467991473532e-16,-1.0,2.1,0.9,1.8,1.542857142857143,0.5740416444159862,2223.0908,182.15148,1.0,1.0,1.0,5.0,4.0,6.0,0.375
2024-07-01,0,0,6,20,58,172,223,1.0,0,0,7.1287,28.66,77.61,1.39,2024,7,1,0,27,183,0,0.0,1.0,-0.4999999999999997,-0.8660254037844388,2.2,1.3,1.6,1.5999999999999999,0.621825270205921,2224.3026,204.30854200000002,1.0,0.0,1.0,8.0,0.0,7.0,0.4375
2024-07-02,0,0,6,20,58,172,223,1.0,0,0,4.7765,30.12,75.34,1.45,2024,7,2,1,27,184,0,0.7818314824680298,0.6234898018587336,-0.4999999999999997,-0.8660254037844388,1.5,2.1,2.3,1.5857142857142856,0.622972903178973,2269.2408,143.86818000000002,1.0,1.0,0.0,6.0,5.0,0.0,0.0
2024-06-26,0,0,6,10,33,83,253,0.799,0,1,8.8076,27.42,81.7,1.55,2024,6,26,2,26,178,0,0.9749279121818236,-0.22252093395631434,1.2246467991473532e-16,-1.0,0.1,0.9,0.4,0.37142857142857144,0.30394235042348466,2240.2140000000004,241.50439200000002,1.0,1.0,0.0,16.0,12.0,0.0,0.0
2024-06-27,0,0,6,10,33,83,253,0.799,0,1,6.7032,28.91,80.34,1.57,2024,6,27,3,26,179,0,0.43388373911755823,-0.900968867902419,1.2246467991473532e-16,-1.0,0.8,0.0,0.5,0.42857142857142855,0.3450327796711771,2322.6294000000003,193.789512,1.0,1.0,0.0,10.0,16.0,0.0,0.0
2024-06-28,0,0,6,10,33,83,253,0.799,0,1,5.9756,28.03,80.37,1.5,2024,6,28,4,26,180,0,-0.433883739117558,-0.9009688679024191,1.2246467991473532e-16,-1.0,0.6,0.1,0.2,0.4428571428571429,0.35050983275386566,2252.7711000000004,167.496068,0.0,1.0,0.0,0.0,16.0,0.0,0.0
2024-06-29,0,0,6,10,33,83,253,0.7990000247955322,1,1,3.0101,29.68,80.35,1.86,2024,6,29,5,26,181,1,-0.9749279121818236,-0.2225209339563146,1.2246467991473532e-16,-1.0,0.1,0.8,0.5,0.42857142857142866,0.36384193323605846,2384.788,89.33976799999999,1.0,1.0,1.0,13.0,10.0,13.0,0.8125
2024-06-30,0,0,6,10,33,83,253,0.7990000247955322,1,1,6.441,28.28,78.61,1.4,2024,6,30,6,26,182,1,-0.7818314824680299,0.6234898018587334,1.2246467991473532e-16,-1.0,0.0,0.6,0.9,0.35714285714285715,0.3952094080237415,2223.0908,182.15148,1.0,0.0,1.0,16.0,0.0,12.0,0.75
2024-07-01,0,0,6,10,33,83,253,0.7990000247955322,0,1,7.1287,28.66,77.61,1.39,2024,7,1,0,27,183,0,0.0,1.0,-0.4999999999999997,-0.8660254037844388,0.0,0.1,0.0,0.22857142857142856,0.3302235894778248,2224.3026,204.30854200000002,1.0,1.0,1.0,16.0,13.0,16.0,1.0
2024-07-02,0,0,6,10,33,83,253,0.7990000247955322,0,1,4.7765,30.12,75.34,1.45,2024,7,2,1,27,184,0,0.7818314824680298,0.6234898018587336,-0.4999999999999997,-0.8660254037844388,0.0,0.0,0.1,0.2285714285714286,0.3302235894778248,2269.2408,143.86818000000002,1.0,1.0,1.0,16.0,16.0,16.0,1.0
2024-06-26,0,0,6,21,64,123,259,1.0,0,0,8.8076,27.42,81.7,1.55,2024,6,26,2,26,178,0,0.9749279121818236,-0.22252093395631434,1.2246467991473532e-16,-1.0,0.4,0.0,0.2,0.21428571428571427,0.16761634196950465,2240.2140000000004,241.50439200000002,0.0,1.0,0.0,0.0,16.0,0.0,0.0
2024-06-27,0,0,6,21,64,123,259,1.0,0,0,6.7032,28.91,80.34,1.57,2024,6,27,3,26,179,0,0.43388373911755823,-0.900968867902419,1.2246467991473532e-16,-1.0,0.2,0.3,0.2,0.21428571428571427,0.16761634196950465,2322.6294000000003,193.789512,1.0,0.0,1.0,4.0,0.0,10.0,0.625
2024-06-28,0,0,6,21,64,123,259,1.0,0,0,5.9756,28.03,80.37,1.5,2024,6,28,4,26,180,0,-0.433883739117558,-0.9009688679024191,1.2246467991473532e-16,-1.0,0.5,0.4,0.4,0.2571428571428572,0.19880595947760057,2252.7711000000004,167.496068,0.0,0.0,1.0,0.0,0.0,5.0,0.3125
2024-06-29,0,0,6,21,64,123,259,1.0,1,0,3.0101,29.68,80.35,1.86,2024,6,29,5,26,181,1,-0.9749279121818236,-0.2225209339563146,1.2246467991473532e-16,-1.0,0.5,0.2,0.0,0.2714285714285714,0.21380899352993912,2384.788,89.33976799999999,0.0,1.0,1.0,0.0,4.0,16.0,1.0
2024-06-30,0,0,6,21,64,123,259,1.0,1,0,6.441,28.28,78.61,1.4,2024,6,30,6,26,182,1,-0.7818314824680299,0.6234898018587334,1.2246467991473532e-16,-1.0,0.6,0.5,0.0,0.35714285714285715,0.2070196678027059,2223.0908,182.15148,0.0,0.0,1.0,0.0,0.0,16.0,1.0
2024-07-01,0,0,6,21,64,123,259,1.0,0,0,7.1287,28.66,77.61,1.39,2024,7,1,0,27,183,0,0.0,1.0,-0.4999999999999997,-0.8660254037844388,0.6,0.5,0.3,0.4428571428571428,0.1511857892036904,2224.3026,204.30854200000002,1.0,0.0,0.0,6.0,0.0,0.0,0.0
2024-07-02,0,0,6,21,64,123,259,1.0,0,0,4.7765,30.12,75.34,1.45,2024,7,2,1,27,184,0,0.7818314824680298,0.6234898018587336,-0.4999999999999997,-0.8660254037844388,0.5,0.6,0.4,0.4714285714285714,0.13801311186847032,2269.2408,143.86818000000002,0.0,0.0,0.0,0.0,0.0,0.0,0.0
2024-06-26,0,0,5,16,27,98,291,1.0,0,0,8.8076,27.42,81.7,1.55,2024,6,26,2,26,178,0,0.9749279121818236,-0.22252093395631434,1.2246467991473532e-16,-1.0,0.5,0.7,0.2,0.6142857142857142,0.29680841985233153,2240.2140000000004,241.50439200000002,1.0,1.0,0.0,4.0,5.0,0.0,0.0
2024-06-27,0,0,5,16,27,98,291,1.0,0,0,6.7032,28.91,80.34,1.57,2024,6,27,3,26,179,0,0.43388373911755823,-0.900968867902419,1.2246467991473532e-16,-1.0,0.7,0.7,0.3,0.6857142857142857,0.23401261667248766,2322.6294000000003,193.789512,1.0,1.0,0.0,2.0,3.0,0.0,0.0
2024-06-28,0,0,5,16,27,98,291,1.0,0,0,5.9756,28.03,80.37,1.5,2024,6,28,4,26,180,0,-0.433883739117558,-0.9009688679024191,1.2246467991473532e-16,-1.0,0.4,0.5,1.0,0.7000000000000001,0.20816659994661302,2252.7711000000004,167.496068,0.0,1.0,1.0,0.0,4.0,1.0,0.0625
2024-06-29,0,0,5,16,27,98,291,1.0,1,0,3.0101,29.68,80.35,1.86,2024,6,29,5,26,181,1,-0.9749279121818236,-0.2225209339563146,1.2246467991473532e-16,-1.0,0.5,0.7,0.9,0.6285714285714287,0.17043362064926887,2384.788,89.33976799999999,0.0,1.0,1.0,0.0,2.0,8.0,0.5
2024-06-30,0,0,5,16,27,98,291,1.0,1,0,6.441,28.28,78.61,1.4,2024,6,30,6,26,182,1,-0.7818314824680299,0.6234898018587334,1.2246467991473532e-16,-1.0,1.1,0.4,0.7,0.6571428571428573,0.22990681342044375,2223.0908,182.15148,1.0,0.0,1.0,10.0,0.0,5.0,0.3125
2024-07-01,0,0,5,16,27,98,291,1.0,0,0,7.1287,28.66,77.61,1.39,2024,7,1,0,27,183,0,0.0,1.0,-0.4999999999999997,-0.8660254037844388,1.1,0.5,0.7,0.7142857142857143,0.2853569193634024,2224.3026,204.30854200000002,1.0,0.0,1.0,5.0,0.0,3.0,0.1875
2024-07-02,0,0,5,16,27,98,291,1.0,0,0,4.7765,30.12,75.34,1.45,2024,7,2,1,27,184,0,0.7818314824680298,0.6234898018587336,-0.4999999999999997,-0.8660254037844388,0.7,1.1,0.5,0.7142857142857143,0.2853569193634024,2269.2408,143.86818000000002,1.0,1.0,1.0,5.0,10.0,4.0,0.25
2024-06-26,0,0,5,16,25,103,296,1.0,0,0,8.8076,27.42,81.7,1.55,2024,6,26,2,26,178,0,0.9749279121818236,-0.22252093395631434,1.2246467991473532e-16,-1.0,1.3,2.1,1.9,1.4714285714285713,0.5089672082242817,2240.2140000000004,241.50439200000002,1.0,0.0,0.0,2.0,0.0,0.0,0.0
2024-06-27,0,0,5,16,25,103,296,1.0,0,0,6.7032,28.91,80.34,1.57,2024,6,27,3,26,179,0,0.43388373911755823,-0.900968867902419,1.2246467991473532e-16,-1.0,1.7,1.0,1.0,1.4428571428571428,0.4859943170351649,2322.6294000000003,193.789512,0.0,1.0,0.0,0.0,6.0,0.0,0.0
2024-06-28,0,0,5,16,25,103,296,1.0,0,0,5.9756,28.03,80.37,1.5,2024,6,28,4,26,180,0,-0.433883739117558,-0.9009688679024191,1.2246467991473532e-16,-1.0,0.9,1.3,1.0,1.4285714285714288,0.5023753102820167,2252.7711000000004,167.496068,0.0,1.0,0.0,0.0,2.0,0.0,0.0
2024-06-29,0,0,5,16,25,103,296,1.0,1,0,3.0101,29.68,80.35,1.86,2024,6,29,5,26,181,1,-0.9749279121818236,-0.2225209339563146,1.2246467991473532e-16,-1.0,1.0,1.7,2.0,1.4285714285714286,0.5023753102820167,2384.788,89.33976799999999,0.0,0.0,0.0,0.0,0.0,0.0,0.0
2024-06-30,0,0,5,16,25,103,296,1.0,1,0,6.441,28.28,78.61,1.4,2024,6,30,6,26,182,1,-0.7818314824680299,0.6234898018587334,1.2246467991473532e-16,-1.0,0.9,0.9,2.1,1.2714285714285711,0.4644505202002534,2223.0908,182.15148,0.0,0.0,0.0,0.0,0.0,0.0,0.0
2024-07-01,0,0,5,16,25,103,296,1.0,0,0,7.1287,28.66,77.61,1.39,2024,7,1,0,27,183,0,0.0,1.0,-0.4999999999999997,-0.8660254037844388,2.5,1.0,1.0,1.3285714285714287,0.5908025211926733,2224.3026,204.30854200000002,1.0,0.0,1.0,4.0,0.0,6.0,0.375
2024-07-02,0,0,5,16,25,103,296,0.98,0,0,4.7765,30.12,75.34,1.45,2024,7,2,1,27,184,0,0.7818314824680298,0.6234898018587336,-0.4999999999999997,-0.8660254037844388,1.3,0.9,1.3,1.3714285714285714,0.5736267244886862,2269.2408,143.86818000000002,1.0,0.0,1.0,3.0,0.0,2.0,0.125
2024-06-26,0,0,6,20,50,24,300,0.994,0,0,8.8076,27.42,81.7,1.55,2024,6,26,2,26,178,0,0.9749279121818236,-0.22252093395631434,1.2246467991473532e-16,-1.0,4.5,7.3,2.0,5.214285714285714,2.153623745712153,2240.2140000000004,241.50439200000002,0.0,0.0,1.0,0.0,0.0,11.0,0.6875
2024-06-27,0,0,6,20,50,24,300,0.989,0,0,6.7032,28.91,80.34,1.57,2024,6,27,3,26,179,0,0.43388373911755823,-0.900968867902419,1.2246467991473532e-16,-1.0,5.0,4.2,5.0,5.642857142857143,1.646063124404352,2322.6294000000003,193.789512,0.0,0.0,1.0,0.0,0.0,2.0,0.125
2024-06-28,0,0,6,20,50,24,300,0.993,0,0,5.9756,28.03,80.37,1.5,2024,6,28,4,26,180,0,-0.433883739117558,-0.9009688679024191,1.2246467991473532e-16,-1.0,5.1,4.5,4.9,5.6571428571428575,1.6399767710317783,2252.7711000000004,167.496068,0.0,0.0,0.0,0.0,0.0,0.0,0.0
2024-06-29,0,0,6,20,50,24,300,1.0,1,0,3.0101,29.68,80.35,1.86,2024,6,29,5,26,181,1,-0.9749279121818236,-0.2225209339563146,1.2246467991473532e-16,-1.0,5.1,5.0,8.6,5.685714285714285,1.6262723956219367,2384.788,89.33976799999999,0.0,0.0,0.0,0.0,0.0,0.0,0.0
2024-06-30,0,0,6,20,50,24,300,1.0,1,0,6.441,28.28,78.61,1.4,2024,6,30,6,26,182,1,-0.7818314824680299,0.6234898018587334,1.2246467991473532e-16,-1.0,3.5,5.1,7.3,4.957142857142857,1.1858290248558103,2223.0908,182.15148,1.0,0.0,0.0,9.0,0.0,0.0,0.0
2024-07-01,0,0,6,20,50,24,300,1.0,0,0,7.1287,28.66,77.61,1.39,2024,7,1,0,27,183,0,0.0,1.0,-0.4999999999999997,-0.8660254037844388,6.3,5.1,4.2,4.814285714285714,0.8764104278791095,2224.3026,204.30854200000002,0.0,0.0,0.0,0.0,0.0,0.0,0.0
2024-07-02,0,0,6,20,50,24,300,1.0,0,0,4.7765,30.12,75.34,1.45,2024,7,2,1,27,184,0,0.7818314824680298,0.6234898018587336,-0.4999999999999997,-0.8660254037844388,5.4,3.5,4.5,4.985714285714286,0.85328496886752,2269.2408,143.86818000000002,0.0,1.0,0.0,0.0,9.0,0.0,0.0
2024-06-26,0,0,5,16,25,105,310,1.0,0,0,8.8076,27.42,81.7,1.55,2024,6,26,2,26,178,0,0.9749279121818236,-0.22252093395631434,1.2246467991473532e-16,-1.0,1.1,3.0,1.5,1.782857142857143,0.7425567158072687,2240.2140000000004,241.50439200000002,1.0,0.0,1.0,9.0,0.0,5.0,0.3125
2024-06-27,0,0,5,16,25,105,310,1.0,0,0,6.7032,28.91,80.34,1.57,2024,6,27,3,26,179,0,0.43388373911755823,-0.900968867902419,1.2246467991473532e-16,-1.0,1.6,2.0,1.1,1.7971428571428574,0.7371502399039674,2322.6294000000003,193.789512,0.0,1.0,0.0,0.0,2.0,0.0,0.0
2024-06-28,0,0,5,16,25,105,310,1.0,0,0,5.9756,28.03,80.37,1.5,2024,6,28,4,26,180,0,-0.433883739117558,-0.9009688679024191,1.2246467991473532e-16,-1.0,1.1,1.1,1.28,1.7971428571428572,0.7371502399039674,2252.7711000000004,167.496068,0.0,1.0,0.0,0.0,9.0,0.0,0.0
2024-06-29,0,0,5,16,25,105,310,1.0,1,0,3.0101,29.68,80.35,1.86,2024,6,29,5,26,181,1,-0.9749279121818236,-0.2225209339563146,1.2246467991473532e-16,-1.0,1.8,1.6,2.5,1.8714285714285714,0.7016986193380695,2384.788,89.33976799999999,1.0,0.0,1.0,2.0,0.0,5.0,0.3125
2024-06-30,0,0,5,16,25,105,310,1.0,1,0,6.441,28.28,78.61,1.4,2024,6,30,6,26,182,1,-0.7818314824680299,0.6234898018587334,1.2246467991473532e-16,-1.0,2.3,1.1,3.0,1.842857142857143,0.6754187413675139,2223.0908,182.15148,1.0,0.0,0.0,1.0,0.0,0.0,0.0
2024-07-01,0,0,5,16,25,105,310,1.0,0,0,7.1287,28.66,77.61,1.39,2024,7,1,0,27,183,0,0.0,1.0,-0.4999999999999997,-0.8660254037844388,3.0,1.8,2.0,1.842857142857143,0.6754187413675139,2224.3026,204.30854200000002,1.0,1.0,1.0,4.0,2.0,2.0,0.125
2024-07-02,0,0,5,16,25,105,310,1.0,0,0,4.7765,30.12,75.34,1.45,2024,7,2,1,27,184,0,0.7818314824680298,0.6234898018587336,-0.4999999999999997,-0.8660254037844388,1.3,2.3,1.1,1.742857142857143,0.6996597812678744,2269.2408,143.86818000000002,1.0,1.0,1.0,7.0,1.0,9.0,0.5625
2024-06-26,0,0,5,16,26,96,345,1.0,0,0,8.8076,27.42,81.7,1.55,2024,6,26,2,26,178,0,0.9749279121818236,-0.22252093395631434,1.2246467991473532e-16,-1.0,0.4,0.4,0.3,0.37142857142857144,0.12535663410560138,2240.2140000000004,241.50439200000002,1.0,0.0,1.0,3.0,0.0,8.0,0.5
2024-06-27,0,0,5,16,26,96,345,1.0,0,0,6.7032,28.91,80.34,1.57,2024,6,27,3,26,179,0,0.43388373911755823,-0.900968867902419,1.2246467991473532e-16,-1.0,0.4,0.4,0.2,0.38571428571428573,0.1214985792587908,2322.6294000000003,193.789512,1.0,1.0,0.0,4.0,2.0,0.0,0.0
2024-06-28,0,0,5,16,26,96,345,1.0,0,0,5.9756,28.03,80.37,1.5,2024,6,28,4,26,180,0,-0.433883739117558,-0.9009688679024191,1.2246467991473532e-16,-1.0,0.1,0.4,0.3,0.37142857142857144,0.14960264830861883,2252.7711000000004,167.496068,0.0,1.0,0.0,0.0,3.0,0.0,0.0
2024-06-29,0,0,5,16,26,96,345,1.0,1,0,3.0101,29.68,80.35,1.86,2024,6,29,5,26,181,1,-0.9749279121818236,-0.2225209339563146,1.2246467991473532e-16,-1.0,0.7,0.4,0.6,0.42857142857142855,0.18898223650461335,2384.788,89.33976799999999,0.0,1.0,1.0,0.0,4.0,4.0,0.25
2024-06-30,0,0,5,16,26,96,345,1.0,1,0,6.441,28.28,78.61,1.4,2024,6,30,6,26,182,1,-0.7818314824680299,0.6234898018587334,1.2246467991473532e-16,-1.0,0.4,0.1,0.4,0.4,0.17320508075688745,2223.0908,182.15148,1.0,0.0,0.0,12.0,0.0,0.0,0.0
2024-07-01,0,0,5,16,26,96,345,1.0,0,0,7.1287,28.66,77.61,1.39,2024,7,1,0,27,183,0,0.0,1.0,-0.4999999999999997,-0.8660254037844388,0.4,0.7,0.4,0.39999999999999997,0.17320508075688745,2224.3026,204.30854200000002,0.0,0.0,1.0,0.0,0.0,2.0,0.125
2024-07-02,0,0,5,16,26,96,345,1.0,0,0,4.7765,30.12,75.34,1.45,2024,7,2,1,27,184,0,0.7818314824680298,0.6234898018587336,-0.4999999999999997,-0.8660254037844388,0.7,0.4,0.4,0.4428571428571429,0.207019667802706,2269.2408,143.86818000000002,1.0,1.0,1.0,3.0,12.0,3.0,0.1875
2024-06-26,0,0,6,24,66,199,370,1.0,0,0,8.8076,27.42,81.7,1.55,2024,6,26,2,26,178,0,0.9749279121818236,-0.22252093395631434,1.2246467991473532e-16,-1.0,1.6,0.8,0.6,0.8857142857142858,0.3338091841585121,2240.2140000000004,241.50439200000002,1.0,1.0,1.0,1.0,8.0,10.0,0.625
2024-06-27,0,0,6,24,66,199,370,1.0,0,0,6.7032,28.91,80.34,1.57,2024,6,27,3,26,179,0,0.43388373911755823,-0.900968867902419,1.2246467991473532e-16,-1.0,1.2,0.7,0.9,0.9714285714285714,0.32513733362117264,2322.6294000000003,193.789512,1.0,0.0,1.0,5.0,0.0,4.0,0.25
2024-06-28,0,0,6,24,66,199,370,1.0,0,0,5.9756,28.03,80.37,1.5,2024,6,28,4,26,180,0,-0.433883739117558,-0.9009688679024191,1.2246467991473532e-16,-1.0,0.7,1.6,0.7,0.9428571428571428,0.34086724129853874,2252.7711000000004,167.496068,0.0,1.0,1.0,0.0,1.0,2.0,0.125
2024-06-29,0,0,6,24,66,199,370,1.0,1,0,3.0101,29.68,80.35,1.86,2024,6,29,5,26,181,1,-0.9749279121818236,-0.2225209339563146,1.2246467991473532e-16,-1.0,1.2,1.2,0.9,1.0142857142857142,0.3338091841585121,2384.788,89.33976799999999,0.0,1.0,1.0,0.0,5.0,5.0,0.3125
2024-06-30,0,0,6,24,66,199,370,1.0,1,0,6.441,28.28,78.61,1.4,2024,6,30,6,26,182,1,-0.7818314824680299,0.6234898018587334,1.2246467991473532e-16,-1.0,0.3,0.7,0.8,0.9285714285714285,0.4309458036856673,2223.0908,182.15148,1.0,0.0,1.0,13.0,0.0,8.0,0.5
2024-07-01,0,0,6,24,66,199,370,1.0,0,0,7.1287,28.66,77.61,1.39,2024,7,1,0,27,183,0,0.0,1.0,-0.4999999999999997,-0.8660254037844388,0.9,1.2,0.7,0.9428571428571428,0.427617987059879,2224.3026,204.30854200000002,1.0,0.0,0.0,2.0,0.0,0.0,0.0
2024-07-02,0,0,6,24,66,199,370,1.0,0,0,4.7765,30.12,75.34,1.45,2024,7,2,1,27,184,0,0.7818314824680298,0.6234898018587336,-0.4999999999999997,-0.8660254037844388,1.0,0.3,1.6,0.9857142857142858,0.4140393356054125,2269.2408,143.86818000000002,0.0,1.0,1.0,0.0,13.0,1.0,0.0625
2024-06-26,0,0,2,29,76,231,379,1.0,0,0,8.8076,27.42,81.7,1.55,2024,6,26,2,26,178,0,0.9749279121818236,-0.22252093395631434,1.2246467991473532e-16,-1.0,0.0,0.9,0.4,0.5714285714285714,0.3545621041711673,2240.2140000000004,241.50439200000002,1.0,1.0,1.0,16.0,6.0,11.0,0.6875
2024-06-27,0,0,2,29,76,231,379,1.0,0,0,6.7032,28.91,80.34,1.57,2024,6,27,3,26,179,0,0.43388373911755823,-0.900968867902419,1.2246467991473532e-16,-1.0,0.0,0.5,0.5,0.5142857142857142,0.41403933560541256,2322.6294000000003,193.789512,1.0,1.0,1.0,16.0,7.0,6.0,0.375
2024-06-28,0,0,2,29,76,231,379,0.9,0,1,5.9756,28.03,80.37,1.5,2024,6,28,4,26,180,0,-0.433883739117558,-0.9009688679024191,1.2246467991473532e-16,-1.0,0.6,0.0,0.6,0.5285714285714286,0.41518785191880603,2252.7711000000004,167.496068,1.0,1.0,1.0,8.0,16.0,7.0,0.4375
2024-06-29,0,0,2,29,76,231,379,0.875,1,1,3.0101,29.68,80.35,1.86,2024,6,29,5,26,181,1,-0.9749279121818236,-0.2225209339563146,1.2246467991473532e-16,-1.0,0.5,0.0,1.1,0.5142857142857143,0.41403933560541256,2384.788,89.33976799999999,1.0,1.0,0.0,8.0,16.0,0.0,0.0
2024-06-30,0,0,2,29,76,231,379,0.875,1,1,6.441,28.28,78.61,1.4,2024,6,30,6,26,182,1,-0.7818314824680299,0.6234898018587334,1.2246467991473532e-16,-1.0,1.0,0.6,0.9,0.5,0.3915780041490244,2223.0908,182.15148,0.0,1.0,1.0,0.0,8.0,6.0,0.375
2024-07-01,0,0,2,29,76,231,379,0.9,0,1,7.1287,28.66,77.61,1.39,2024,7,1,0,27,183,0,0.0,1.0,-0.4999999999999997,-0.8660254037844388,0.9,0.5,0.5,0.5,0.3915780041490244,2224.3026,204.30854200000002,1.0,1.0,1.0,13.0,8.0,7.0,0.4375
2024-07-02,0,0,2,29,76,231,379,0.9,0,0,4.7765,30.12,75.34,1.45,2024,7,2,1,27,184,0,0.7818314824680298,0.6234898018587336,-0.4999999999999997,-0.8660254037844388,0.2,1.0,0.0,0.4571428571428572,0.4076646614442761,2269.2408,143.86818000000002,1.0,0.0,1.0,7.0,0.0,16.0,1.0
2024-06-26,0,0,0,28,72,218,411,0.784,0,1,8.8076,27.42,81.7,1.55,2024,6,26,2,26,178,0,0.9749279121818236,-0.22252093395631434,1.2246467991473532e-16,-1.0,0.3,0.8,0.2,0.5285714285714286,0.34016802570830434,2240.2140000000004,241.50439200000002,0.0,0.0,0.0,0.0,0.0,0.0,0.0
2024-06-27,0,0,0,28,72,218,411,0.784,0,1,6.7032,28.91,80.34,1.57,2024,6,27,3,26,179,0,0.43388373911755823,-0.900968867902419,1.2246467991473532e-16,-1.0,0.9,1.1,0.3,0.6285714285714287,0.33022358947782476,2322.6294000000003,193.789512,1.0,0.0,0.0,2.0,0.0,0.0,0.0
2024-06-28,0,0,0,28,72,218,411,0.784,0,1,5.9756,28.03,80.37,1.5,2024,6,28,4,26,180,0,-0.433883739117558,-0.9009688679024191,1.2246467991473532e-16,-1.0,0.2,0.3,0.3,0.6142857142857142,0.34846602621858463,2252.7711000000004,167.496068,0.0,0.0,0.0,0.0,0.0,0.0,0.0
2024-06-29,0,0,0,28,72,218,411,0.784,1,1,3.0101,29.68,80.35,1.86,2024,6,29,5,26,181,1,-0.9749279121818236,-0.2225209339563146,1.2246467991473532e-16,-1.0,0.6,0.9,0.7,0.6571428571428573,0.3207134902949091,2384.788,89.33976799999999,0.0,1.0,0.0,0.0,2.0,0.0,0.0
2024-06-30,0,0,0,28,72,218,411,0.784,1,1,6.441,28.28,78.61,1.4,2024,6,30,6,26,182,1,-0.7818314824680299,0.6234898018587334,1.2246467991473532e-16,-1.0,0.7,0.2,0.8,0.6571428571428571,0.3207134902949091,2223.0908,182.15148,0.0,0.0,0.0,0.0,0.0,0.0,0.0
2024-07-01,0,0,0,28,72,218,411,0.784,0,1,7.1287,28.66,77.61,1.39,2024,7,1,0,27,183,0,0.0,1.0,-0.4999999999999997,-0.8660254037844388,0.8,0.6,1.1,0.6571428571428573,0.3207134902949091,2224.3026,204.30854200000002,0.0,0.0,0.0,0.0,0.0,0.0,0.0
2024-07-02,0,0,0,28,72,218,411,0.784,0,1,4.7765,30.12,75.34,1.45,2024,7,2,1,27,184,0,0.7818314824680298,0.6234898018587336,-0.4999999999999997,-0.8660254037844388,0.7,0.7,0.3,0.5999999999999999,0.25819888974716093,2269.2408,143.86818000000002,0.0,0.0,0.0,0.0,0.0,0.0,0.0
2024-06-26,0,0,6,24,51,153,419,0.7,0,1,8.8076,27.42,81.7,1.55,2024,6,26,2,26,178,0,0.9749279121818236,-0.22252093395631434,1.2246467991473532e-16,-1.0,0.7,0.8,0.4,0.6857142857142858,0.19518001458970696,2240.2140000000004,241.50439200000002,0.0,0.0,1.0,0.0,0.0,9.0,0.5625
2024-06-27,0,0,6,24,51,153,419,0.7,0,1,6.7032,28.91,80.34,1.57,2024,6,27,3,26,179,0,0.43388373911755823,-0.900968867902419,1.2246467991473532e-16,-1.0,0.7,0.9,0.6,0.7285714285714285,0.14960264830861952,2322.6294000000003,193.789512,1.0,1.0,1.0,6.0,1.0,4.0,0.25
2024-06-28,0,0,6,24,51,153,419,0.685,0,1,5.9756,28.03,80.37,1.5,2024,6,28,4,26,180,0,-0.433883739117558,-0.9009688679024191,1.2246467991473532e-16,-1.0,0.9,0.7,0.9,0.7714285714285715,0.14960264830861944,2252.7711000000004,167.496068,1.0,0.0,1.0,6.0,0.0,3.0,0.1875
2024-06-29,0,0,6,24,51,153,419,0.685,1,1,3.0101,29.68,80.35,1.86,2024,6,29,5,26,181,1,-0.9749279121818236,-0.2225209339563146,1.2246467991473532e-16,-1.0,1.1,0.7,0.5,0.7999999999999999,0.19148542155126788,2384.788,89.33976799999999,0.0,1.0,0.0,0.0,6.0,0.0,0.0
2024-06-30,0,0,6,24,51,153,419,0.685,1,1,6.441,28.28,78.61,1.4,2024,6,30,6,26,182,1,-0.7818314824680299,0.6234898018587334,1.2246467991473532e-16,-1.0,0.8,0.9,0.8,0.8428571428571429,0.13972762620115467,2223.0908,182.15148,0.0,1.0,0.0,0.0,6.0,0.0,0.0
2024-07-01,0,0,6,24,51,153,419,0.685,0,1,7.1287,28.66,77.61,1.39,2024,7,1,0,27,183,0,0.0,1.0,-0.4999999999999997,-0.8660254037844388,1.0,1.1,0.9,0.8714285714285716,0.14960264830861933,2224.3026,204.30854200000002,1.0,0.0,1.0,9.0,0.0,1.0,0.0625
2024-07-02,0,0,6,24,51,153,419,0.685,0,1,4.7765,30.12,75.34,1.45,2024,7,2,1,27,184,0,0.7818314824680298,0.6234898018587336,-0.4999999999999997,-0.8660254037844388,0.7,0.8,0.7,0.8428571428571429,0.1618347187425377,2269.2408,143.86818000000002,0.0,0.0,0.0,0.0,0.0,0.0,0.0
2024-06-26,0,0,6,21,61,16,439,1.0,0,0,8.8076,27.42,81.7,1.55,2024,6,26,2,26,178,0,0.9749279121818236,-0.22252093395631434,1.2246467991473532e-16,-1.0,1.0,0.5,1.4,0.7857142857142857,0.5459809869356603,2240.2140000000004,241.50439200000002,0.0,1.0,1.0,0.0,7.0,1.0,0.0625
2024-06-27,0,0,6,21,61,16,439,1.0,0,0,6.7032,28.91,80.34,1.57,2024,6,27,3,26,179,0,0.43388373911755823,-0.900968867902419,1.2246467991473532e-16,-1.0,0.6,0.4,0.3,0.6714285714285714,0.47509397566616796,2322.6294000000003,193.789512,0.0,1.0,0.0,0.0,3.0,0.0,0.0
2024-06-28,0,0,6,21,61,16,439,1.0,0,0,5.9756,28.03,80.37,1.5,2024,6,28,4,26,180,0,-0.433883739117558,-0.9009688679024191,1.2246467991473532e-16,-1.0,0.1,1.0,0.3,0.6428571428571429,0.5061526214398933,2252.7711000000004,167.496068,0.0,0.0,0.0,0.0,0.0,0.0,0.0
2024-06-29,0,0,6,21,61,16,439,1.0,1,0,3.0101,29.68,80.35,1.86,2024,6,29,5,26,181,1,-0.9749279121818236,-0.2225209339563146,1.2246467991473532e-16,-1.0,0.4,0.6,1.6,0.6571428571428571,0.49617585208318615,2384.788,89.33976799999999,0.0,0.0,0.0,0.0,0.0,0.0,0.0
2024-06-30,0,0,6,21,61,16,439,1.0,1,0,6.441,28.28,78.61,1.4,2024,6,30,6,26,182,1,-0.7818314824680299,0.6234898018587334,1.2246467991473532e-16,-1.0,1.3,0.1,0.5,0.6142857142857142,0.40590873945002026,2223.0908,182.15148,0.0,0.0,1.0,0.0,0.0,7.0,0.4375
2024-07-01,0,0,6,21,61,16,439,1.0,0,0,7.1287,28.66,77.61,1.39,2024,7,1,0,27,183,0,0.0,1.0,-0.4999999999999997,-0.8660254037844388,1.9,0.4,0.4,0.8142857142857142,0.6256425268702336,2224.3026,204.30854200000002,0.0,0.0,1.0,0.0,0.0,3.0,0.1875
2024-07-02,0,0,6,21,61,16,439,1.0,0,0,4.7765,30.12,75.34,1.45,2024,7,2,1,27,184,0,0.7818314824680298,0.6234898018587336,-0.4999999999999997,-0.8660254037844388,0.0,1.3,1.0,0.757142857142857,0.6852180744287245,2269.2408,143.86818000000002,0.0,0.0,0.0,0.0,0.0,0.0,0.0
2024-06-26,0,0,6,20,68,63,486,1.0,0,0,8.8076,27.42,81.7,1.55,2024,6,26,2,26,178,0,0.9749279121818236,-0.22252093395631434,1.2246467991473532e-16,-1.0,2.1,2.6,2.4,2.2714285714285714,0.41518785191880586,2240.2140000000004,241.50439200000002,0.0,1.0,0.0,0.0,1.0,0.0,0.0
2024-06-27,0,0,6,20,68,63,486,0.992,0,0,6.7032,28.91,80.34,1.57,2024,6,27,3,26,179,0,0.43388373911755823,-0.900968867902419,1.2246467991473532e-16,-1.0,1.8,1.5,2.3,2.185714285714286,0.44507891221134943,2322.6294000000003,193.789512,1.0,0.0,1.0,2.0,0.0,3.0,0.1875
2024-06-28,0,0,6,20,68,63,486,0.98,0,0,5.9756,28.03,80.37,1.5,2024,6,28,4,26,180,0,-0.433883739117558,-0.9009688679024191,1.2246467991473532e-16,-1.0,1.7,2.1,2.2,2.1,0.47609522856952347,2252.7711000000004,167.496068,0.0,0.0,1.0,0.0,0.0,1.0,0.0625
2024-06-29,0,0,6,20,68,63,486,0.987,1,0,3.0101,29.68,80.35,1.86,2024,6,29,5,26,181,1,-0.9749279121818236,-0.2225209339563146,1.2246467991473532e-16,-1.0,2.3,1.8,2.8,2.1142857142857143,0.481070235442364,2384.788,89.33976799999999,0.0,1.0,1.0,0.0,2.0,5.0,0.3125
2024-06-30,0,0,6,20,68,63,486,1.0,1,0,6.441,28.28,78.61,1.4,2024,6,30,6,26,182,1,-0.7818314824680299,0.6234898018587334,1.2246467991473532e-16,-1.0,2.5,1.7,2.6,2.0714285714285716,0.4191828786034634,2223.0908,182.15148,0.0,0.0,1.0,0.0,0.0,1.0,0.0625
2024-07-01,0,0,6,20,68,63,486,1.0,0,0,7.1287,28.66,77.61,1.39,2024,7,1,0,27,183,0,0.0,1.0,-0.4999999999999997,-0.8660254037844388,2.6,2.3,1.5,2.0714285714285716,0.4191828786034634,2224.3026,204.30854200000002,1.0,0.0,0.0,5.0,0.0,0.0,0.0
2024-07-02,0,0,6,20,68,63,486,1.0,0,0,4.7765,30.12,75.34,1.45,2024,7,2,1,27,184,0,0.7818314824680298,0.6234898018587336,-0.4999999999999997,-0.8660254037844388,2.3,2.5,2.1,2.1857142857142855,0.33876526498728426,2269.2408,143.86818000000002,0.0,0.0,0.0,0.0,0.0,0.0,0.0
2024-06-26,0,0,6,21,64,123,489,0.902,0,1,8.8076,27.42,81.7,1.55,2024,6,26,2,26,178,0,0.9749279121818236,-0.22252093395631434,1.2246467991473532e-16,-1.0,1.3,0.0,0.6,0.5714285714285714,0.45721725585067224,2240.2140000000004,241.50439200000002,0.0,1.0,1.0,0.0,16.0,5.0,0.3125
2024-06-27,0,0,6,21,64,123,489,0.957,0,1,6.7032,28.91,80.34,1.57,2024,6,27,3,26,179,0,0.43388373911755823,-0.900968867902419,1.2246467991473532e-16,-1.0,0.5,0.7,0.0,0.5571428571428572,0.45773770821706344,2322.6294000000003,193.789512,0.0,0.0,1.0,0.0,0.0,16.0,1.0
2024-06-28,0,0,6,21,64,123,489,0.599,0,1,5.9756,28.03,80.37,1.5,2024,6,28,4,26,180,0,-0.433883739117558,-0.9009688679024191,1.2246467991473532e-16,-1.0,0.6,1.3,0.8,0.6428571428571429,0.3866830866792723,2252.7711000000004,167.496068,1.0,0.0,1.0,8.0,0.0,5.0,0.3125
2024-06-29,0,0,6,21,64,123,489,0.599,1,1,3.0101,29.68,80.35,1.86,2024,6,29,5,26,181,1,-0.9749279121818236,-0.2225209339563146,1.2246467991473532e-16,-1.0,0.6,0.5,0.6,0.6142857142857142,0.3804758924845368,2384.788,89.33976799999999,1.0,0.0,1.0,5.0,0.0,12.0,0.75
2024-06-30,0,0,6,21,64,123,489,0.599,1,1,6.441,28.28,78.61,1.4,2024,6,30,6,26,182,1,-0.7818314824680299,0.6234898018587334,1.2246467991473532e-16,-1.0,0.7,0.6,0.0,0.6285714285714287,0.38172540616821116,2223.0908,182.15148,1.0,1.0,1.0,13.0,8.0,16.0,1.0
2024-07-01,0,0,6,21,64,123,489,0.599,0,1,7.1287,28.66,77.61,1.39,2024,7,1,0,27,183,0,0.0,1.0,-0.4999999999999997,-0.8660254037844388,0.8,0.6,0.7,0.7428571428571429,0.2636736799982314,2224.3026,204.30854200000002,1.0,1.0,0.0,11.0,5.0,0.0,0.0
2024-07-02,0,0,6,21,64,123,489,0.599,0,1,4.7765,30.12,75.34,1.45,2024,7,2,1,27,184,0,0.7818314824680298,0.6234898018587336,-0.4999999999999997,-0.8660254037844388,0.8,0.7,1.3,0.7571428571428571,0.26367367999823144,2269.2408,143.86818000000002,1.0,1.0,0.0,12.0,13.0,0.0,0.0
2024-06-26,0,0,5,16,25,101,496,1.0,0,0,8.8076,27.42,81.7,1.55,2024,6,26,2,26,178,0,0.9749279121818236,-0.22252093395631434,1.2246467991473532e-16,-1.0,1.0,0.9,1.1,0.8142857142857143,0.3023715784073814,2240.2140000000004,241.50439200000002,0.0,1.0,1.0,0.0,9.0,2.0,0.125
2024-06-27,0,0,5,16,25,101,496,1.0,0,0,6.7032,28.91,80.34,1.57,2024,6,27,3,26,179,0,0.43388373911755823,-0.900968867902419,1.2246467991473532e-16,-1.0,0.5,0.7,0.2,0.7285714285714285,0.2927700218845597,2322.6294000000003,193.789512,1.0,0.0,1.0,5.0,0.0,10.0,0.625
2024-06-28,0,0,5,16,25,101,496,1.0,0,0,5.9756,28.03,80.37,1.5,2024,6,28,4,26,180,0,-0.433883739117558,-0.9009688679024191,1.2246467991473532e-16,-1.0,0.9,1.0,0.8,0.8285714285714286,0.17994708216848665,2252.7711000000004,167.496068,1.0,0.0,0.0,3.0,0.0,0.0,0.0
2024-06-29,0,0,5,16,25,101,496,1.0,1,0,3.0101,29.68,80.35,1.86,2024,6,29,5,26,181,1,-0.9749279121818236,-0.2225209339563146,1.2246467991473532e-16,-1.0,0.4,0.5,1.0,0.7714285714285714,0.2429971585175819,2384.788,89.33976799999999,0.0,1.0,0.0,0.0,5.0,0.0,0.0
2024-06-30,0,0,5,16,25,101,496,1.0,1,0,6.441,28.28,78.61,1.4,2024,6,30,6,26,182,1,-0.7818314824680299,0.6234898018587334,1.2246467991473532e-16,-1.0,0.38,0.9,0.9,0.6828571428571429,0.2583095227122094,2223.0908,182.15148,0.0,1.0,1.0,0.0,3.0,9.0,0.5625
2024-07-01,0,0,5,16,25,101,496,1.0,0,0,7.1287,28.66,77.61,1.39,2024,7,1,0,27,183,0,0.0,1.0,-0.4999999999999997,-0.8660254037844388,1.6,0.4,0.7,0.7828571428571429,0.4328862162167744,2224.3026,204.30854200000002,1.0,0.0,0.0,4.0,0.0,0.0,0.0
2024-07-02,0,0,5,16,25,101,496,1.0,0,0,4.7765,30.12,75.34,1.45,2024,7,2,1,27,184,0,0.7818314824680298,0.6234898018587336,-0.4999999999999997,-0.8660254037844388,0.9,0.38,1.0,0.8114285714285714,0.4331061675628184,2269.2408,143.86818000000002,1.0,0.0,0.0,1.0,0.0,0.0,0.0
2024-06-26,0,0,6,4,28,179,500,0.775,0,1,8.8076,27.42,81.7,1.55,2024,6,26,2,26,178,0,0.9749279121818236,-0.22252093395631434,1.2246467991473532e-16,-1.0,0.5,1.0,0.0,0.5285714285714286,0.3251373336211728,2240.2140000000004,241.50439200000002,0.0,1.0,1.0,0.0,3.0,16.0,1.0
2024-06-27,0,0,6,4,28,179,500,0.775,0,1,6.7032,28.91,80.34,1.57,2024,6,27,3,26,179,0,0.43388373911755823,-0.900968867902419,1.2246467991473532e-16,-1.0,0.4,0.3,0.6,0.5857142857142856,0.24102953780654812,2322.6294000000003,193.789512,1.0,0.0,0.0,6.0,0.0,0.0,0.0
2024-06-28,0,0,6,4,28,179,500,0.775,0,1,5.9756,28.03,80.37,1.5,2024,6,28,4,26,180,0,-0.433883739117558,-0.9009688679024191,1.2246467991473532e-16,-1.0,0.2,0.5,0.8,0.5285714285714286,0.28115408417381943,2252.7711000000004,167.496068,1.0,0.0,0.0,13.0,0.0,0.0,0.0
2024-06-29,0,0,6,4,28,179,500,1.0,1,0,3.0101,29.68,80.35,1.86,2024,6,29,5,26,181,1,-0.9749279121818236,-0.2225209339563146,1.2246467991473532e-16,-1.0,0.1,0.4,0.5,0.4285714285714285,0.2927700218845601,2384.788,89.33976799999999,0.0,1.0,0.0,0.0,6.0,0.0,0.0
2024-06-30,0,0,6,4,28,179,500,1.0,1,0,6.441,28.28,78.61,1.4,2024,6,30,6,26,182,1,-0.7818314824680299,0.6234898018587334,1.2246467991473532e-16,-1.0,0.6,0.2,1.0,0.4428571428571428,0.2992052966172384,2223.0908,182.15148,0.0,1.0,1.0,0.0,13.0,3.0,0.1875
2024-07-01,0,0,6,4,28,179,500,1.0,0,0,7.1287,28.66,77.61,1.39,2024,7,1,0,27,183,0,0.0,1.0,-0.4999999999999997,-0.8660254037844388,0.3,0.1,0.3,0.3428571428571428,0.17182493859684508,2224.3026,204.30854200000002,1.0,0.0,0.0,10.0,0.0,0.0,0.0
2024-07-02,0,0,6,4,28,179,500,1.0,0,0,4.7765,30.12,75.34,1.45,2024,7,2,1,27,184,0,0.7818314824680298,0.6234898018587336,-0.4999999999999997,-0.8660254037844388,0.0,0.6,0.5,0.29999999999999993,0.2160246899469288,2269.2408,143.86818000000002,1.0,0.0,0.0,16.0,0.0,0.0,0.0
2024-06-26,0,0,3,11,62,182,548,0.913,0,1,8.8076,27.42,81.7,1.55,2024,6,26,2,26,178,0,0.9749279121818236,-0.22252093395631434,1.2246467991473532e-16,-1.0,0.3,0.7,0.7,0.5714285714285714,0.24299715851758225,2240.2140000000004,241.50439200000002,0.0,0.0,0.0,0.0,0.0,0.0,0.0
2024-06-27,0,0,3,11,62,182,548,0.855,0,1,6.7032,28.91,80.34,1.57,2024,6,27,3,26,179,0,0.43388373911755823,-0.900968867902419,1.2246467991473532e-16,-1.0,0.38,0.5,0.4,0.5257142857142857,0.24487120035215382,2322.6294000000003,193.789512,0.0,0.0,0.0,0.0,0.0,0.0,0.0
2024-06-28,0,0,3,11,62,182,548,1.0,0,0,5.9756,28.03,80.37,1.5,2024,6,28,4,26,180,0,-0.433883739117558,-0.9009688679024191,1.2246467991473532e-16,-1.0,0.6,0.3,0.4,0.5542857142857143,0.23936423729379047,2252.7711000000004,167.496068,1.0,0.0,1.0,5.0,0.0,6.0,0.375
2024-06-29,0,0,3,11,62,182,548,0.742,1,1,3.0101,29.68,80.35,1.86,2024,6,29,5,26,181,1,-0.9749279121818236,-0.2225209339563146,1.2246467991473532e-16,-1.0,0.3,0.38,1.0,0.5399999999999999,0.25271855228033135,2384.788,89.33976799999999,1.0,0.0,0.0,6.0,0.0,0.0,0.0
2024-06-30,0,0,3,11,62,182,548,0.747,1,1,6.441,28.28,78.61,1.4,2024,6,30,6,26,182,1,-0.7818314824680299,0.6234898018587334,1.2246467991473532e-16,-1.0,1.0,0.6,0.7,0.54,0.25271855228033135,2223.0908,182.15148,1.0,1.0,0.0,8.0,5.0,0.0,0.0
2024-07-01,0,0,3,11,62,182,548,0.7027944326400757,0,1,7.1287,28.66,77.61,1.39,2024,7,1,0,27,183,0,0.0,1.0,-0.4999999999999997,-0.8660254037844388,1.4,0.3,0.5,0.64,0.41376321731154403,2224.3026,204.30854200000002,1.0,1.0,0.0,2.0,6.0,0.0,0.0
2024-07-02,0,0,3,11,62,182,548,0.799,0,1,4.7765,30.12,75.34,1.45,2024,7,2,1,27,184,0,0.7818314824680298,0.6234898018587336,-0.4999999999999997,-0.8660254037844388,0.0,1.0,0.3,0.5685714285714286,0.4798412435875213,2269.2408,143.86818000000002,1.0,1.0,0.0,16.0,8.0,0.0,0.0
2024-06-26,0,0,6,4,28,168,554,0.8,0,1,8.8076,27.42,81.7,1.55,2024,6,26,2,26,178,0,0.9749279121818236,-0.22252093395631434,1.2246467991473532e-16,-1.0,1.2,1.6,1.1,1.0142857142857145,0.3625307868699871,2240.2140000000004,241.50439200000002,0.0,0.0,0.0,0.0,0.0,0.0,0.0
2024-06-27,0,0,6,4,28,168,554,0.8,0,1,6.7032,28.91,80.34,1.57,2024,6,27,3,26,179,0,0.43388373911755823,-0.900968867902419,1.2246467991473532e-16,-1.0,0.27999999999999997,0.4,0.9,0.8971428571428571,0.45172684540233304,2322.6294000000003,193.789512,0.0,0.0,0.0,0.0,0.0,0.0,0.0
2024-06-28,0,0,6,4,28,168,554,0.8,0,1,5.9756,28.03,80.37,1.5,2024,6,28,4,26,180,0,-0.433883739117558,-0.9009688679024191,1.2246467991473532e-16,-1.0,0.3,1.2,0.9,0.8114285714285714,0.5048903699955923,2252.7711000000004,167.496068,0.0,0.0,0.0,0.0,0.0,0.0,0.0
2024-06-29,0,0,6,4,28,168,554,0.8,1,1,3.0101,29.68,80.35,1.86,2024,6,29,5,26,181,1,-0.9749279121818236,-0.2225209339563146,1.2246467991473532e-16,-1.0,0.7,0.27999999999999997,1.0,0.7828571428571429,0.5047017035079333,2384.788,89.33976799999999,1.0,0.0,0.0,5.0,0.0,0.0,0.0
2024-06-30,0,0,6,4,28,168,554,0.8,1,1,6.441,28.28,78.61,1.4,2024,6,30,6,26,182,1,-0.7818314824680299,0.6234898018587334,1.2246467991473532e-16,-1.0,0.9,0.3,1.6,0.7685714285714286,0.4989131043721803,2223.0908,182.15148,1.0,0.0,0.0,12.0,0.0,0.0,0.0
2024-07-01,0,0,6,4,28,168,554,0.79,0,1,7.1287,28.66,77.61,1.39,2024,7,1,0,27,183,0,0.0,1.0,-0.4999999999999997,-0.8660254037844388,1.4,0.7,0.4,0.74,0.4463182720884282,2224.3026,204.30854200000002,0.0,1.0,0.0,0.0,5.0,0.0,0.0
2024-07-02,0,0,6,4,28,168,554,0.793,0,1,4.7765,30.12,75.34,1.45,2024,7,2,1,27,184,0,0.7818314824680298,0.6234898018587336,-0.4999999999999997,-0.8660254037844388,1.2,0.9,1.2,0.8542857142857143,0.44717100170058555,2269.2408,143.86818000000002,1.0,1.0,0.0,5.0,12.0,0.0,0.0
2024-06-26,0,0,6,20,50,59,567,0.781,0,1,8.8076,27.42,81.7,1.55,2024,6,26,2,26,178,0,0.9749279121818236,-0.22252093395631434,1.2246467991473532e-16,-1.0,1.0,1.5,0.7,0.9000000000000001,0.35590260840104326,2240.2140000000004,241.50439200000002,1.0,1.0,0.0,4.0,3.0,0.0,0.0
2024-06-27,0,0,6,20,50,59,567,0.781,0,1,6.7032,28.91,80.34,1.57,2024,6,27,3,26,179,0,0.43388373911755823,-0.900968867902419,1.2246467991473532e-16,-1.0,0.5,0.6,0.5,0.8714285714285713,0.38172540616821066,2322.6294000000003,193.789512,0.0,1.0,0.0,0.0,10.0,0.0,0.0
2024-06-28,0,0,6,20,50,59,567,0.781,0,1,5.9756,28.03,80.37,1.5,2024,6,28,4,26,180,0,-0.433883739117558,-0.9009688679024191,1.2246467991473532e-16,-1.0,0.3,1.0,0.8,0.8428571428571429,0.4197504927816951,2252.7711000000004,167.496068,0.0,1.0,0.0,0.0,4.0,0.0,0.0
2024-06-29,0,0,6,20,50,59,567,0.781,1,1,3.0101,29.68,80.35,1.86,2024,6,29,5,26,181,1,-0.9749279121818236,-0.2225209339563146,1.2246467991473532e-16,-1.0,1.1,0.5,1.2,0.8857142857142858,0.4298393941484475,2384.788,89.33976799999999,0.0,0.0,0.0,0.0,0.0,0.0,0.0
2024-06-30,0,0,6,20,50,59,567,0.781,1,1,6.441,28.28,78.61,1.4,2024,6,30,6,26,182,1,-0.7818314824680299,0.6234898018587334,1.2246467991473532e-16,-1.0,1.3,0.3,1.5,0.9000000000000001,0.44347115652166863,2223.0908,182.15148,1.0,0.0,1.0,5.0,0.0,3.0,0.1875
2024-07-01,0,0,6,20,50,59,567,0.781,0,1,7.1287,28.66,77.61,1.39,2024,7,1,0,27,183,0,0.0,1.0,-0.4999999999999997,-0.8660254037844388,1.3,1.1,0.6,0.8714285714285716,0.4029651999626668,2224.3026,204.30854200000002,1.0,0.0,1.0,8.0,0.0,10.0,0.625
2024-07-02,0,0,6,20,50,59,567,0.781,0,1,4.7765,30.12,75.34,1.45,2024,7,2,1,27,184,0,0.7818314824680298,0.6234898018587336,-0.4999999999999997,-0.8660254037844388,1.0,1.3,1.0,0.9285714285714287,0.386066858261129,2269.2408,143.86818000000002,0.0,1.0,1.0,0.0,5.0,4.0,0.25
2024-06-26,0,0,6,4,53,58,578,0.875,0,1,8.8076,27.42,81.7,1.55,2024,6,26,2,26,178,0,0.9749279121818236,-0.22252093395631434,1.2246467991473532e-16,-1.0,1.3,1.1,1.0,0.8714285714285713,0.2870208222079934,2240.2140000000004,241.50439200000002,1.0,1.0,1.0,4.0,4.0,2.0,0.125
2024-06-27,0,0,6,4,53,58,578,0.871,0,1,6.7032,28.91,80.34,1.57,2024,6,27,3,26,179,0,0.43388373911755823,-0.900968867902419,1.2246467991473532e-16,-1.0,0.5,0.5,0.7,0.7999999999999999,0.31091263510296074,2322.6294000000003,193.789512,1.0,0.0,0.0,11.0,0.0,0.0,0.0
2024-06-28,0,0,6,4,53,58,578,0.875,0,1,5.9756,28.03,80.37,1.5,2024,6,28,4,26,180,0,-0.433883739117558,-0.9009688679024191,1.2246467991473532e-16,-1.0,1.0,1.3,0.9,0.8428571428571429,0.31547394428670283,2252.7711000000004,167.496068,0.0,1.0,0.0,0.0,4.0,0.0,0.0
2024-06-29,0,0,6,4,53,58,578,0.875,1,1,3.0101,29.68,80.35,1.86,2024,6,29,5,26,181,1,-0.9749279121818236,-0.2225209339563146,1.2246467991473532e-16,-1.0,0.7,0.5,0.6,0.8142857142857143,0.3184785258515424,2384.788,89.33976799999999,0.0,1.0,0.0,0.0,11.0,0.0,0.0
2024-06-30,0,0,6,4,53,58,578,0.875,1,1,6.441,28.28,78.61,1.4,2024,6,30,6,26,182,1,-0.7818314824680299,0.6234898018587334,1.2246467991473532e-16,-1.0,0.9,1.0,1.1,0.8571428571428571,0.3047247001100223,2223.0908,182.15148,0.0,0.0,1.0,0.0,0.0,4.0,0.25
2024-07-01,0,0,6,4,53,58,578,0.875,0,1,7.1287,28.66,77.61,1.39,2024,7,1,0,27,183,0,0.0,1.0,-0.4999999999999997,-0.8660254037844388,1.0,0.7,0.5,0.8428571428571429,0.29358214555806406,2224.3026,204.30854200000002,0.0,0.0,0.0,0.0,0.0,0.0,0.0
2024-07-02,0,0,6,4,53,58,578,0.875,0,1,4.7765,30.12,75.34,1.45,2024,7,2,1,27,184,0,0.7818314824680298,0.6234898018587336,-0.4999999999999997,-0.8660254037844388,0.7,0.9,1.3,0.8714285714285716,0.2627691364061221,2269.2408,143.86818000000002,0.0,0.0,1.0,0.0,0.0,4.0,0.25
2024-06-26,0,0,2,29,76,60,580,0.903,0,1,8.8076,27.42,81.7,1.55,2024,6,26,2,26,178,0,0.9749279121818236,-0.22252093395631434,1.2246467991473532e-16,-1.0,2.4,2.4,1.8,2.2857142857142856,0.4298393941484502,2240.2140000000004,241.50439200000002,0.0,0.0,0.0,0.0,0.0,0.0,0.0
2024-06-27,0,0,2,29,76,60,580,0.903,0,1,6.7032,28.91,80.34,1.57,2024,6,27,3,26,179,0,0.43388373911755823,-0.900968867902419,1.2246467991473532e-16,-1.0,2.0,1.9,2.1,2.314285714285714,0.39761191895520454,2322.6294000000003,193.789512,0.0,1.0,1.0,0.0,5.0,2.0,0.125
2024-06-28,0,0,2,29,76,60,580,0.902,0,1,5.9756,28.03,80.37,1.5,2024,6,28,4,26,180,0,-0.433883739117558,-0.9009688679024191,1.2246467991473532e-16,-1.0,2.1,2.4,2.3,2.314285714285714,0.39761191895520454,2252.7711000000004,167.496068,0.0,0.0,0.0,0.0,0.0,0.0,0.0
2024-06-29,0,0,2,29,76,60,580,0.899,1,1,3.0101,29.68,80.35,1.86,2024,6,29,5,26,181,1,-0.9749279121818236,-0.2225209339563146,1.2246467991473532e-16,-1.0,2.3,2.0,3.1,2.314285714285714,0.39761191895520454,2384.788,89.33976799999999,0.0,0.0,1.0,0.0,0.0,11.0,0.6875
2024-06-30,0,0,2,29,76,60,580,0.899,1,1,6.441,28.28,78.61,1.4,2024,6,30,6,26,182,1,-0.7818314824680299,0.6234898018587334,1.2246467991473532e-16,-1.0,3.0,2.1,2.4,2.3000000000000003,0.3651483716701135,2223.0908,182.15148,1.0,0.0,0.0,13.0,0.0,0.0,0.0
2024-07-01,0,0,2,29,76,60,580,0.899,0,1,7.1287,28.66,77.61,1.39,2024,7,1,0,27,183,0,0.0,1.0,-0.4999999999999997,-0.8660254037844388,3.0,2.3,1.9,2.3857142857142857,0.4525062483125588,2224.3026,204.30854200000002,1.0,0.0,1.0,1.0,0.0,5.0,0.3125
2024-07-02,0,0,2,29,76,60,580,0.903,0,1,4.7765,30.12,75.34,1.45,2024,7,2,1,27,184,0,0.7818314824680298,0.6234898018587336,-0.4999999999999997,-0.8660254037844388,2.0,3.0,2.4,2.4,0.4358898943540701,2269.2408,143.86818000000002,1.0,1.0,0.0,10.0,13.0,0.0,0.0
2024-06-26,0,0,2,29,76,60,596,1.0,0,0,8.8076,27.42,81.7,1.55,2024,6,26,2,26,178,0,0.9749279121818236,-0.22252093395631434,1.2246467991473532e-16,-1.0,0.3,0.6,1.3,0.9714285714285714,0.3946064947695178,2240.2140000000004,241.50439200000002,0.0,0.0,0.0,0.0,0.0,0.0,0.0
2024-06-27,0,0,2,29,76,60,596,1.0,0,0,6.7032,28.91,80.34,1.57,2024,6,27,3,26,179,0,0.43388373911755823,-0.900968867902419,1.2246467991473532e-16,-1.0,1.0,0.9,1.3,0.9285714285714286,0.36839419880650337,2322.6294000000003,193.789512,0.0,1.0,1.0,0.0,5.0,2.0,0.125
2024-06-28,0,0,2,29,76,60,596,1.0,0,0,5.9756,28.03,80.37,1.5,2024,6,28,4,26,180,0,-0.433883739117558,-0.9009688679024191,1.2246467991473532e-16,-1.0,0.5,0.3,1.1,0.8142857142857142,0.35790395093549615,2252.7711000000004,167.496068,0.0,0.0,0.0,0.0,0.0,0.0,0.0
2024-06-29,0,0,2,29,76,60,596,1.0,1,0,3.0101,29.68,80.35,1.86,2024,6,29,5,26,181,1,-0.9749279121818236,-0.2225209339563146,1.2246467991473532e-16,-1.0,0.3,1.0,1.3,0.7000000000000001,0.37859388972001834,2384.788,89.33976799999999,0.0,0.0,1.0,0.0,0.0,11.0,0.6875
2024-06-30,0,0,2,29,76,60,596,1.0,1,0,6.441,28.28,78.61,1.4,2024,6,30,6,26,182,1,-0.7818314824680299,0.6234898018587334,1.2246467991473532e-16,-1.0,0.6,0.5,0.6,0.6,0.27080128015453225,2223.0908,182.15148,1.0,0.0,0.0,11.0,0.0,0.0,0.0
2024-07-01,0,0,2,29,76,60,596,1.0,0,0,7.1287,28.66,77.61,1.39,2024,7,1,0,27,183,0,0.0,1.0,-0.4999999999999997,-0.8660254037844388,0.4,0.3,0.9,0.5714285714285714,0.28115408417381954,2224.3026,204.30854200000002,0.0,0.0,1.0,0.0,0.0,5.0,0.3125
2024-07-02,0,0,2,29,76,60,596,1.0,0,0,4.7765,30.12,75.34,1.45,2024,7,2,1,27,184,0,0.7818314824680298,0.6234898018587336,-0.4999999999999997,-0.8660254037844388,0.2,0.6,0.3,0.4714285714285714,0.2690370836538201,2269.2408,143.86818000000002,1.0,1.0,0.0,9.0,11.0,0.0,0.0
2024-06-26,0,0,2,29,78,157,600,1.0,0,0,8.8076,27.42,81.7,1.55,2024,6,26,2,26,178,0,0.9749279121818236,-0.22252093395631434,1.2246467991473532e-16,-1.0,1.7,1.6,0.9,1.6285714285714283,0.43094580368566554,2240.2140000000004,241.50439200000002,1.0,1.0,1.0,8.0,10.0,10.0,0.625
2024-06-27,0,0,2,29,78,157,600,0.868,0,1,6.7032,28.91,80.34,1.57,2024,6,27,3,26,179,0,0.43388373911755823,-0.900968867902419,1.2246467991473532e-16,-1.0,2.0,1.4,1.6,1.7857142857142858,0.30237157840737905,2322.6294000000003,193.789512,0.0,1.0,1.0,0.0,7.0,1.0,0.0625
2024-06-28,0,0,2,29,78,157,600,0.833,0,1,5.9756,28.03,80.37,1.5,2024,6,28,4,26,180,0,-0.433883739117558,-0.9009688679024191,1.2246467991473532e-16,-1.0,2.1,1.7,1.9,1.8571428571428572,0.3101458950082598,2252.7711000000004,167.496068,1.0,1.0,0.0,6.0,8.0,0.0,0.0
2024-06-29,0,0,2,29,78,157,600,0.833,1,1,3.0101,29.68,80.35,1.86,2024,6,29,5,26,181,1,-0.9749279121818236,-0.2225209339563146,1.2246467991473532e-16,-1.0,2.0,2.0,2.3,1.8714285714285717,0.3147183169877745,2384.788,89.33976799999999,1.0,0.0,1.0,7.0,0.0,1.0,0.0625
2024-06-30,0,0,2,29,78,157,600,0.833,1,1,6.441,28.28,78.61,1.4,2024,6,30,6,26,182,1,-0.7818314824680299,0.6234898018587334,1.2246467991473532e-16,-1.0,2.2,2.1,1.6,1.8571428571428572,0.29358214555806106,2223.0908,182.15148,0.0,1.0,1.0,0.0,6.0,10.0,0.625
2024-07-01,0,0,2,29,78,157,600,0.833,0,1,7.1287,28.66,77.61,1.39,2024,7,1,0,27,183,0,0.0,1.0,-0.4999999999999997,-0.8660254037844388,2.4,2.0,1.4,1.9714285714285715,0.3302235894778223,2224.3026,204.30854200000002,1.0,1.0,1.0,1.0,7.0,7.0,0.4375
2024-07-02,0,0,2,29,78,157,600,0.833,0,1,4.7765,30.12,75.34,1.45,2024,7,2,1,27,184,0,0.7818314824680298,0.6234898018587336,-0.4999999999999997,-0.8660254037844388,1.8,2.2,1.7,2.028571428571429,0.23603873774082917,2269.2408,143.86818000000002,1.0,0.0,1.0,4.0,0.0,8.0,0.5
2024-06-26,0,0,5,16,25,103,631,1.0,0,0,8.8076,27.42,81.7,1.55,2024,6,26,2,26,178,0,0.9749279121818236,-0.22252093395631434,1.2246467991473532e-16,-1.0,1.0,1.2,0.7,0.6714285714285714,0.3450327796711769,2240.2140000000004,241.50439200000002,1.0,1.0,1.0,9.0,7.0,4.0,0.25
2024-06-27,0,0,5,16,25,103,631,1.0,0,0,6.7032,28.91,80.34,1.57,2024,6,27,3,26,179,0,0.43388373911755823,-0.900968867902419,1.2246467991473532e-16,-1.0,0.8,0.4,0.2,0.6857142857142857,0.34846602621858463,2322.6294000000003,193.789512,1.0,0.0,0.0,6.0,0.0,0.0,0.0
2024-06-28,0,0,5,16,25,103,631,1.0,0,0,5.9756,28.03,80.37,1.5,2024,6,28,4,26,180,0,-0.433883739117558,-0.9009688679024191,1.2246467991473532e-16,-1.0,0.8,1.0,0.7,0.7714285714285714,0.2751622897751175,2252.7711000000004,167.496068,1.0,1.0,1.0,7.0,9.0,2.0,0.125
2024-06-29,0,0,5,16,25,103,631,1.0,1,0,3.0101,29.68,80.35,1.86,2024,6,29,5,26,181,1,-0.9749279121818236,-0.2225209339563146,1.2246467991473532e-16,-1.0,0.5,0.8,0.5,0.7428571428571428,0.2935821455580638,2384.788,89.33976799999999,0.0,1.0,0.0,0.0,6.0,0.0,0.0
2024-06-30,0,0,5,16,25,103,631,1.0,1,0,6.441,28.28,78.61,1.4,2024,6,30,6,26,182,1,-0.7818314824680299,0.6234898018587334,1.2246467991473532e-16,-1.0,0.5,0.8,1.2,0.7428571428571428,0.2935821455580638,2223.0908,182.15148,0.0,1.0,1.0,0.0,7.0,7.0,0.4375
2024-07-01,0,0,5,16,25,103,631,1.0,0,0,7.1287,28.66,77.61,1.39,2024,7,1,0,27,183,0,0.0,1.0,-0.4999999999999997,-0.8660254037844388,1.3800000000000001,0.5,0.4,0.7685714285714287,0.34387151531875837,2224.3026,204.30854200000002,0.0,0.0,0.0,0.0,0.0,0.0,0.0
2024-07-02,0,0,5,16,25,103,631,0.976,0,0,4.7765,30.12,75.34,1.45,2024,7,2,1,27,184,0,0.7818314824680298,0.6234898018587336,-0.4999999999999997,-0.8660254037844388,1.2,0.5,1.0,0.8828571428571428,0.3337521178816343,2269.2408,143.86818000000002,0.0,0.0,1.0,0.0,0.0,9.0,0.5625
2024-06-26,0,0,5,16,25,105,633,1.0,0,0,8.8076,27.42,81.7,1.55,2024,6,26,2,26,178,0,0.9749279121818236,-0.22252093395631434,1.2246467991473532e-16,-1.0,0.5,0.6,0.4,0.42857142857142855,0.1889822365046135,2240.2140000000004,241.50439200000002,1.0,1.0,1.0,10.0,7.0,7.0,0.4375
2024-06-27,0,0,5,16,25,105,633,0.894,0,0,6.7032,28.91,80.34,1.57,2024,6,27,3,26,179,0,0.43388373911755823,-0.900968867902419,1.2246467991473532e-16,-1.0,0.2,0.4,0.2,0.4,0.20816659994661324,2322.6294000000003,193.789512,0.0,1.0,0.0,0.0,5.0,0.0,0.0
2024-06-28,0,0,5,16,25,105,633,1.0,0,0,5.9756,28.03,80.37,1.5,2024,6,28,4,26,180,0,-0.433883739117558,-0.9009688679024191,1.2246467991473532e-16,-1.0,0.4,0.5,0.2,0.42857142857142855,0.1889822365046135,2252.7711000000004,167.496068,0.0,1.0,0.0,0.0,10.0,0.0,0.0
2024-06-29,0,0,5,16,25,105,633,1.0,1,0,3.0101,29.68,80.35,1.86,2024,6,29,5,26,181,1,-0.9749279121818236,-0.2225209339563146,1.2246467991473532e-16,-1.0,0.2,0.2,0.7,0.42857142857142855,0.1889822365046135,2384.788,89.33976799999999,0.0,0.0,1.0,0.0,0.0,5.0,0.3125
2024-06-30,0,0,5,16,25,105,633,1.0,1,0,6.441,28.28,78.61,1.4,2024,6,30,6,26,182,1,-0.7818314824680299,0.6234898018587334,1.2246467991473532e-16,-1.0,0.2,0.4,0.6,0.35714285714285715,0.16183471874253752,2223.0908,182.15148,0.0,0.0,1.0,0.0,0.0,7.0,0.4375
2024-07-01,0,0,5,16,25,105,633,1.0,0,0,7.1287,28.66,77.61,1.39,2024,7,1,0,27,183,0,0.0,1.0,-0.4999999999999997,-0.8660254037844388,0.1,0.2,0.4,0.2857142857142857,0.1463850109422804,2224.3026,204.30854200000002,0.0,0.0,1.0,0.0,0.0,5.0,0.3125
2024-07-02,0,0,5,16,25,105,633,1.0,0,0,4.7765,30.12,75.34,1.45,2024,7,2,1,27,184,0,0.7818314824680298,0.6234898018587336,-0.4999999999999997,-0.8660254037844388,0.4,0.2,0.5,0.2857142857142857,0.1463850109422804,2269.2408,143.86818000000002,1.0,0.0,1.0,5.0,0.0,10.0,0.625
2024-06-26,0,0,5,16,27,104,635,0.884,0,1,8.8076,27.42,81.7,1.55,2024,6,26,2,26,178,0,0.9749279121818236,-0.22252093395631434,1.2246467991473532e-16,-1.0,0.3,0.8,0.6,0.4857142857142857,0.20354009783964305,2240.2140000000004,241.50439200000002,0.0,1.0,0.0,0.0,7.0,0.0,0.0
2024-06-27,0,0,5,16,27,104,635,0.8840000033378601,0,1,6.7032,28.91,80.34,1.57,2024,6,27,3,26,179,0,0.43388373911755823,-0.900968867902419,1.2246467991473532e-16,-1.0,0.3,0.5,0.6,0.4428571428571428,0.20701966780270634,2322.6294000000003,193.789512,0.0,0.0,1.0,0.0,0.0,5.0,0.3125
2024-06-28,0,0,5,16,27,104,635,0.808,0,1,5.9756,28.03,80.37,1.5,2024,6,28,4,26,180,0,-0.433883739117558,-0.9009688679024191,1.2246467991473532e-16,-1.0,0.0,0.3,0.2,0.35714285714285715,0.25071326821120354,2252.7711000000004,167.496068,0.0,0.0,0.0,0.0,0.0,0.0,0.0
2024-06-29,0,0,5,16,27,104,635,0.77,1,1,3.0101,29.68,80.35,1.86,2024,6,29,5,26,181,1,-0.9749279121818236,-0.2225209339563146,1.2246467991473532e-16,-1.0,0.3,0.3,0.4,0.37142857142857144,0.2429971585175824,2384.788,89.33976799999999,0.0,0.0,0.0,0.0,0.0,0.0,0.0
2024-06-30,0,0,5,16,27,104,635,0.885,1,0,6.441,28.28,78.61,1.4,2024,6,30,6,26,182,1,-0.7818314824680299,0.6234898018587334,1.2246467991473532e-16,-1.0,0.2,0.0,0.8,0.34285714285714286,0.25071326821120354,2223.0908,182.15148,0.0,0.0,1.0,0.0,0.0,7.0,0.4375
2024-07-01,0,0,5,16,27,104,635,0.77,0,0,7.1287,28.66,77.61,1.39,2024,7,1,0,27,183,0,0.0,1.0,-0.4999999999999997,-0.8660254037844388,0.6,0.3,0.5,0.31428571428571433,0.19518001458970666,2224.3026,204.30854200000002,0.0,0.0,0.0,0.0,0.0,0.0,0.0
2024-07-02,0,0,5,16,27,104,635,0.77,0,0,4.7765,30.12,75.34,1.45,2024,7,2,1,27,184,0,0.7818314824680298,0.6234898018587336,-0.4999999999999997,-0.8660254037844388,0.4,0.2,0.3,0.3,0.18257418583505539,2269.2408,143.86818000000002,0.0,0.0,0.0,0.0,0.0,0.0,0.0
2024-06-26,0,0,5,16,25,94,638,0.869,0,1,8.8076,27.42,81.7,1.55,2024,6,26,2,26,178,0,0.9749279121818236,-0.22252093395631434,1.2246467991473532e-16,-1.0,0.6,0.7,0.48,0.5357142857142857,0.13439458605875762,2240.2140000000004,241.50439200000002,1.0,1.0,0.0,3.0,5.0,0.0,0.0
2024-06-27,0,0,5,16,25,94,638,0.869,0,1,6.7032,28.91,80.34,1.57,2024,6,27,3,26,179,0,0.43388373911755823,-0.900968867902419,1.2246467991473532e-16,-1.0,0.5,0.5,0.4,0.5385714285714285,0.13322019009001262,2322.6294000000003,193.789512,0.0,0.0,0.0,0.0,0.0,0.0,0.0
2024-06-28,0,0,5,16,25,94,638,0.8690000176429749,0,1,5.9756,28.03,80.37,1.5,2024,6,28,4,26,180,0,-0.433883739117558,-0.9009688679024191,1.2246467991473532e-16,-1.0,0.4,0.6,0.37,0.5385714285714285,0.13322019009001262,2252.7711000000004,167.496068,0.0,1.0,0.0,0.0,3.0,0.0,0.0
2024-06-29,0,0,5,16,25,94,638,0.858,1,1,3.0101,29.68,80.35,1.86,2024,6,29,5,26,181,1,-0.9749279121818236,-0.2225209339563146,1.2246467991473532e-16,-1.0,0.4,0.5,0.7,0.5428571428571428,0.12724180205607058,2384.788,89.33976799999999,0.0,0.0,1.0,0.0,0.0,3.0,0.1875
2024-06-30,0,0,5,16,25,94,638,1.0,1,0,6.441,28.28,78.61,1.4,2024,6,30,6,26,182,1,-0.7818314824680299,0.6234898018587334,1.2246467991473532e-16,-1.0,1.0,0.4,0.7,0.5857142857142856,0.21157009420498177,2223.0908,182.15148,1.0,0.0,1.0,5.0,0.0,5.0,0.3125
2024-07-01,0,0,5,16,25,94,638,1.0,0,0,7.1287,28.66,77.61,1.39,2024,7,1,0,27,183,0,0.0,1.0,-0.4999999999999997,-0.8660254037844388,0.9,0.4,0.5,0.6142857142857142,0.24102953780654812,2224.3026,204.30854200000002,0.0,0.0,0.0,0.0,0.0,0.0,0.0
2024-07-02,0,0,5,16,25,94,638,1.0,0,0,4.7765,30.12,75.34,1.45,2024,7,2,1,27,184,0,0.7818314824680298,0.6234898018587336,-0.4999999999999997,-0.8660254037844388,0.4,1.0,0.6,0.6,0.25166114784235855,2269.2408,143.86818000000002,0.0,1.0,1.0,0.0,5.0,3.0,0.1875
2024-06-26,0,0,4,23,10,17,644,0.97,0,0,8.8076,27.42,81.7,1.55,2024,6,26,2,26,178,0,0.9749279121818236,-0.22252093395631434,1.2246467991473532e-16,-1.0,0.9,1.2,1.1,1.042857142857143,0.1812653934349931,2240.2140000000004,241.50439200000002,0.0,0.0,1.0,0.0,0.0,7.0,0.4375
2024-06-27,0,0,4,23,10,17,644,0.87,0,0,6.7032,28.91,80.34,1.57,2024,6,27,3,26,179,0,0.43388373911755823,-0.900968867902419,1.2246467991473532e-16,-1.0,0.9,1.2,0.7,1.0142857142857142,0.18644544714716088,2322.6294000000003,193.789512,0.0,0.0,1.0,0.0,0.0,1.0,0.0625
2024-06-28,0,0,4,23,10,17,644,0.94,0,0,5.9756,28.03,80.37,1.5,2024,6,28,4,26,180,0,-0.433883739117558,-0.9009688679024191,1.2246467991473532e-16,-1.0,0.5,0.9,1.1,0.9857142857142858,0.24784787961282106,2252.7711000000004,167.496068,0.0,0.0,1.0,0.0,0.0,2.0,0.125
2024-06-29,0,0,4,23,10,17,644,0.98,1,0,3.0101,29.68,80.35,1.86,2024,6,29,5,26,181,1,-0.9749279121818236,-0.2225209339563146,1.2246467991473532e-16,-1.0,0.5,0.9,1.1,0.9,0.30000000000000016,2384.788,89.33976799999999,0.0,0.0,1.0,0.0,0.0,5.0,0.3125
2024-06-30,0,0,4,23,10,17,644,0.92,1,0,6.441,28.28,78.61,1.4,2024,6,30,6,26,182,1,-0.7818314824680299,0.6234898018587334,1.2246467991473532e-16,-1.0,0.7,0.5,1.2,0.8428571428571429,0.2935821455580641,2223.0908,182.15148,1.0,0.0,0.0,3.0,0.0,0.0,0.0
2024-07-01,0,0,4,23,10,17,644,0.805,0,0,7.1287,28.66,77.61,1.39,2024,7,1,0,27,183,0,0.0,1.0,-0.4999999999999997,-0.8660254037844388,0.5,0.5,1.2,0.7428571428571428,0.26992062325273164,2224.3026,204.30854200000002,0.0,0.0,0.0,0.0,0.0,0.0,0.0
2024-07-02,0,0,4,23,10,17,644,1.0,0,0,4.7765,30.12,75.34,1.45,2024,7,2,1,27,184,0,0.7818314824680298,0.6234898018587336,-0.4999999999999997,-0.8660254037844388,0.5,0.7,0.9,0.6428571428571429,0.1902379462422692,2269.2408,143.86818000000002,0.0,1.0,0.0,0.0,3.0,0.0,0.0
2024-06-26,0,0,6,10,38,173,672,0.807,0,1,8.8076,27.42,81.7,1.55,2024,6,26,2,26,178,0,0.9749279121818236,-0.22252093395631434,1.2246467991473532e-16,-1.0,0.6,0.6,0.5,0.7714285714285715,0.8220184217609029,2240.2140000000004,241.50439200000002,1.0,0.0,0.0,7.0,0.0,0.0,0.0
2024-06-27,0,0,6,10,38,173,672,0.807,0,1,6.7032,28.91,80.34,1.57,2024,6,27,3,26,179,0,0.43388373911755823,-0.900968867902419,1.2246467991473532e-16,-1.0,0.8,0.2,0.6,0.8142857142857144,0.8132825901423018,2322.6294000000003,193.789512,0.0,1.0,0.0,0.0,12.0,0.0,0.0
2024-06-28,0,0,6,10,38,173,672,0.79,0,1,5.9756,28.03,80.37,1.5,2024,6,28,4,26,180,0,-0.433883739117558,-0.9009688679024191,1.2246467991473532e-16,-1.0,0.4,0.6,2.6,0.7857142857142857,0.8254868693253522,2252.7711000000004,167.496068,0.0,1.0,0.0,0.0,7.0,0.0,0.0
2024-06-29,0,0,6,10,38,173,672,0.807,1,1,3.0101,29.68,80.35,1.86,2024,6,29,5,26,181,1,-0.9749279121818236,-0.2225209339563146,1.2246467991473532e-16,-1.0,0.7,0.8,0.3,0.5142857142857143,0.2193062655175125,2384.788,89.33976799999999,0.0,0.0,0.0,0.0,0.0,0.0,0.0
2024-06-30,0,0,6,10,38,173,672,0.807,1,1,6.441,28.28,78.61,1.4,2024,6,30,6,26,182,1,-0.7818314824680299,0.6234898018587334,1.2246467991473532e-16,-1.0,0.7,0.4,0.6,0.5714285714285715,0.20586634591635422,2223.0908,182.15148,0.0,0.0,0.0,0.0,0.0,0.0,0.0
2024-07-01,0,0,6,10,38,173,672,0.807,0,1,7.1287,28.66,77.61,1.39,2024,7,1,0,27,183,0,0.0,1.0,-0.4999999999999997,-0.8660254037844388,1.3,0.7,0.2,0.6714285714285716,0.3450327796711767,2224.3026,204.30854200000002,0.0,0.0,1.0,0.0,0.0,12.0,0.75
2024-07-02,0,0,6,10,38,173,672,0.807,0,1,4.7765,30.12,75.34,1.45,2024,7,2,1,27,184,0,0.7818314824680298,0.6234898018587336,-0.4999999999999997,-0.8660254037844388,0.4,0.7,0.6,0.7000000000000001,0.30550504633038883,2269.2408,143.86818000000002,0.0,0.0,1.0,0.0,0.0,7.0,0.4375
2024-06-26,0,0,2,0,21,221,686,1.0,0,0,8.8076,27.42,81.7,1.55,2024,6,26,2,26,178,0,0.9749279121818236,-0.22252093395631434,1.2246467991473532e-16,-1.0,0.2,0.5,0.5,0.3428571428571429,0.15118578920369125,2240.2140000000004,241.50439200000002,1.0,0.0,1.0,2.0,0.0,4.0,0.25
2024-06-27,0,0,2,0,21,221,686,0.967,0,0,6.7032,28.91,80.34,1.57,2024,6,27,3,26,179,0,0.43388373911755823,-0.900968867902419,1.2246467991473532e-16,-1.0,0.5,0.3,0.5,0.3428571428571429,0.15118578920369125,2322.6294000000003,193.789512,1.0,0.0,1.0,4.0,0.0,5.0,0.3125
2024-06-28,0,0,2,0,21,221,686,1.0,0,0,5.9756,28.03,80.37,1.5,2024,6,28,4,26,180,0,-0.433883739117558,-0.9009688679024191,1.2246467991473532e-16,-1.0,0.6,0.2,0.2,0.35714285714285715,0.1718249385968452,2252.7711000000004,167.496068,1.0,1.0,0.0,2.0,2.0,0.0,0.0
2024-06-29,0,0,2,0,21,221,686,1.0,1,0,3.0101,29.68,80.35,1.86,2024,6,29,5,26,181,1,-0.9749279121818236,-0.2225209339563146,1.2246467991473532e-16,-1.0,0.3,0.5,0.2,0.37142857142857144,0.16035674514745493,2384.788,89.33976799999999,1.0,1.0,0.0,8.0,4.0,0.0,0.0
2024-06-30,0,0,2,0,21,221,686,1.0,1,0,6.441,28.28,78.61,1.4,2024,6,30,6,26,182,1,-0.7818314824680299,0.6234898018587334,1.2246467991473532e-16,-1.0,0.6,0.6,0.5,0.42857142857142855,0.16035674514745493,2223.0908,182.15148,1.0,1.0,0.0,3.0,2.0,0.0,0.0
2024-07-01,0,0,2,0,21,221,686,1.0,0,0,7.1287,28.66,77.61,1.39,2024,7,1,0,27,183,0,0.0,1.0,-0.4999999999999997,-0.8660254037844388,0.7,0.3,0.3,0.4571428571428572,0.1902379462422686,2224.3026,204.30854200000002,1.0,1.0,0.0,4.0,8.0,0.0,0.0
2024-07-02,0,0,2,0,21,221,686,1.0,0,0,4.7765,30.12,75.34,1.45,2024,7,2,1,27,184,0,0.7818314824680298,0.6234898018587336,-0.4999999999999997,-0.8660254037844388,0.1,0.6,0.2,0.42857142857142855,0.22886885410853192,2269.2408,143.86818000000002,0.0,1.0,1.0,0.0,3.0,2.0,0.125
2024-06-26,0,0,6,21,64,19,691,0.772,0,1,8.8076,27.42,81.7,1.55,2024,6,26,2,26,178,0,0.9749279121818236,-0.22252093395631434,1.2246467991473532e-16,-1.0,6.2,6.1,2.0,4.985714285714286,1.752549163769326,2240.2140000000004,241.50439200000002,0.0,1.0,1.0,0.0,7.0,12.0,0.75
2024-06-27,0,0,6,21,64,19,691,0.777,0,1,6.7032,28.91,80.34,1.57,2024,6,27,3,26,179,0,0.43388373911755823,-0.900968867902419,1.2246467991473532e-16,-1.0,4.8,6.4,3.1,5.385714285714286,1.1852265204431993,2322.6294000000003,193.789512,0.0,0.0,1.0,0.0,0.0,3.0,0.1875
2024-06-28,0,0,6,21,64,19,691,0.773,0,1,5.9756,28.03,80.37,1.5,2024,6,28,4,26,180,0,-0.433883739117558,-0.9009688679024191,1.2246467991473532e-16,-1.0,3.4,6.2,5.0,5.428571428571429,1.090434600995221,2252.7711000000004,167.496068,0.0,0.0,1.0,0.0,0.0,3.0,0.1875
2024-06-29,0,0,6,21,64,19,691,0.774,1,1,3.0101,29.68,80.35,1.86,2024,6,29,5,26,181,1,-0.9749279121818236,-0.2225209339563146,1.2246467991473532e-16,-1.0,4.4,4.8,6.1,5.3428571428571425,1.1516034370348438,2384.788,89.33976799999999,0.0,0.0,1.0,0.0,0.0,8.0,0.5
2024-06-30,0,0,6,21,64,19,691,0.775,1,1,6.441,28.28,78.61,1.4,2024,6,30,6,26,182,1,-0.7818314824680299,0.6234898018587334,1.2246467991473532e-16,-1.0,8.6,3.4,6.1,5.7,1.6881943016134087,2223.0908,182.15148,0.0,0.0,1.0,0.0,0.0,7.0,0.4375
2024-07-01,0,0,6,21,64,19,691,0.769,0,1,7.1287,28.66,77.61,1.39,2024,7,1,0,27,183,0,0.0,1.0,-0.4999999999999997,-0.8660254037844388,9.3,4.4,6.4,6.1571428571428575,2.1770447421961245,2224.3026,204.30854200000002,0.0,0.0,0.0,0.0,0.0,0.0,0.0
2024-07-02,0,0,6,21,64,19,691,0.774,0,1,4.7765,30.12,75.34,1.45,2024,7,2,1,27,184,0,0.7818314824680298,0.6234898018587336,-0.4999999999999997,-0.8660254037844388,6.0,8.6,6.2,6.1000000000000005,2.1748563170931505,2269.2408,143.86818000000002,1.0,0.0,0.0,3.0,0.0,0.0,0.0
2024-06-26,0,0,2,30,75,191,699,1.0,0,0,8.8076,27.42,81.7,1.55,2024,6,26,2,26,178,0,0.9749279121818236,-0.22252093395631434,1.2246467991473532e-16,-1.0,0.6,1.1,0.7,0.7571428571428572,0.4353433237386439,2240.2140000000004,241.50439200000002,1.0,1.0,0.0,4.0,7.0,0.0,0.0
2024-06-27,0,0,2,30,75,191,699,1.0,0,0,6.7032,28.91,80.34,1.57,2024,6,27,3,26,179,0,0.43388373911755823,-0.900968867902419,1.2246467991473532e-16,-1.0,0.3,0.8,0.4,0.7000000000000001,0.46904157598234314,2322.6294000000003,193.789512,0.0,0.0,0.0,0.0,0.0,0.0,0.0
2024-06-28,0,0,2,30,75,191,699,1.0,0,0,5.9756,28.03,80.37,1.5,2024,6,28,4,26,180,0,-0.433883739117558,-0.9009688679024191,1.2246467991473532e-16,-1.0,0.5,0.6,0.2,0.7142857142857143,0.4598136268408882,2252.7711000000004,167.496068,0.0,1.0,0.0,0.0,4.0,0.0,0.0
2024-06-29,0,0,2,30,75,191,699,0.891,1,0,3.0101,29.68,80.35,1.86,2024,6,29,5,26,181,1,-0.9749279121818236,-0.2225209339563146,1.2246467991473532e-16,-1.0,0.2,0.3,1.5,0.7142857142857143,0.4598136268408882,2384.788,89.33976799999999,1.0,0.0,1.0,12.0,0.0,5.0,0.3125
2024-06-30,0,0,2,30,75,191,699,0.86,1,0,6.441,28.28,78.61,1.4,2024,6,30,6,26,182,1,-0.7818314824680299,0.6234898018587334,1.2246467991473532e-16,-1.0,0.3,0.5,1.1,0.5428571428571429,0.32071349029490953,2223.0908,182.15148,0.0,0.0,1.0,0.0,0.0,7.0,0.4375
2024-07-01,0,0,2,30,75,191,699,1.0,0,0,7.1287,28.66,77.61,1.39,2024,7,1,0,27,183,0,0.0,1.0,-0.4999999999999997,-0.8660254037844388,0.4,0.2,0.8,0.4428571428571429,0.20701966780270664,2224.3026,204.30854200000002,1.0,1.0,0.0,12.0,12.0,0.0,0.0
2024-07-02,0,0,2,30,75,191,699,1.0,0,0,4.7765,30.12,75.34,1.45,2024,7,2,1,27,184,0,0.7818314824680298,0.6234898018587336,-0.4999999999999997,-0.8660254037844388,0.4,0.3,0.6,0.3857142857142857,0.13451854182691045,2269.2408,143.86818000000002,1.0,0.0,1.0,6.0,0.0,4.0,0.25
2024-06-26,0,0,6,24,66,199,712,0.712,0,1,8.8076,27.42,81.7,1.55,2024,6,26,2,26,178,0,0.9749279121818236,-0.22252093395631434,1.2246467991473532e-16,-1.0,3.3,2.3,2.7,2.1714285714285713,0.74992063072098,2240.2140000000004,241.50439200000002,0.0,0.0,0.0,0.0,0.0,0.0,0.0
2024-06-27,0,0,6,24,66,199,712,0.712,0,1,6.7032,28.91,80.34,1.57,2024,6,27,3,26,179,0,0.43388373911755823,-0.900968867902419,1.2246467991473532e-16,-1.0,3.0,1.7,1.6,2.2142857142857144,0.792524597785607,2322.6294000000003,193.789512,0.0,0.0,1.0,0.0,0.0,6.0,0.375
2024-06-28,0,0,6,24,66,199,712,0.712,0,1,5.9756,28.03,80.37,1.5,2024,6,28,4,26,180,0,-0.433883739117558,-0.9009688679024191,1.2246467991473532e-16,-1.0,1.4,3.3,2.5,2.1857142857142855,0.8214389233302162,2252.7711000000004,167.496068,1.0,0.0,0.0,11.0,0.0,0.0,0.0
2024-06-29,0,0,6,24,66,199,712,0.7120000123977661,1,1,3.0101,29.68,80.35,1.86,2024,6,29,5,26,181,1,-0.9749279121818236,-0.2225209339563146,1.2246467991473532e-16,-1.0,2.3,3.0,1.1,2.157142857142857,0.8121107126025425,2384.788,89.33976799999999,1.0,0.0,1.0,7.0,0.0,7.0,0.4375
2024-06-30,0,0,6,24,66,199,712,0.712,1,1,6.441,28.28,78.61,1.4,2024,6,30,6,26,182,1,-0.7818314824680299,0.6234898018587334,1.2246467991473532e-16,-1.0,1.2,1.4,2.3,2.1714285714285713,0.7910210399946931,2223.0908,182.15148,1.0,1.0,0.0,16.0,11.0,0.0,0.0
2024-07-01,0,0,6,24,66,199,712,0.712,0,1,7.1287,28.66,77.61,1.39,2024,7,1,0,27,183,0,0.0,1.0,-0.4999999999999997,-0.8660254037844388,3.3,2.3,1.7,2.314285714285714,0.900793301167683,2224.3026,204.30854200000002,0.0,1.0,0.0,0.0,7.0,0.0,0.0
2024-07-02,0,0,6,24,66,199,712,0.712,0,1,4.7765,30.12,75.34,1.45,2024,7,2,1,27,184,0,0.7818314824680298,0.6234898018587336,-0.4999999999999997,-0.8660254037844388,3.2,1.2,3.3,2.5285714285714285,0.9086882225022437,2269.2408,143.86818000000002,1.0,1.0,0.0,12.0,16.0,0.0,0.0
2024-06-26,0,0,6,10,57,205,719,1.0,0,0,8.8076,27.42,81.7,1.55,2024,6,26,2,26,178,0,0.9749279121818236,-0.22252093395631434,1.2246467991473532e-16,-1.0,0.6,0.5,0.4,0.42857142857142855,0.11126972805283727,2240.2140000000004,241.50439200000002,1.0,1.0,1.0,4.0,4.0,11.0,0.6875
2024-06-27,0,0,6,10,57,205,719,1.0,0,0,6.7032,28.91,80.34,1.57,2024,6,27,3,26,179,0,0.43388373911755823,-0.900968867902419,1.2246467991473532e-16,-1.0,0.4,0.4,0.3,0.42857142857142855,0.11126972805283727,2322.6294000000003,193.789512,1.0,1.0,1.0,4.0,5.0,4.0,0.25
2024-06-28,0,0,6,10,57,205,719,1.0,0,0,5.9756,28.03,80.37,1.5,2024,6,28,4,26,180,0,-0.433883739117558,-0.9009688679024191,1.2246467991473532e-16,-1.0,0.5,0.6,0.3,0.4571428571428572,0.0975900072948532,2252.7711000000004,167.496068,1.0,1.0,1.0,2.0,4.0,3.0,0.1875
2024-06-29,0,0,6,10,57,205,719,1.0,1,0,3.0101,29.68,80.35,1.86,2024,6,29,5,26,181,1,-0.9749279121818236,-0.2225209339563146,1.2246467991473532e-16,-1.0,0.4,0.4,0.5,0.4714285714285714,0.07559289460184529,2384.788,89.33976799999999,0.0,1.0,1.0,0.0,4.0,11.0,0.6875
2024-06-30,0,0,6,10,57,205,719,1.0,1,0,6.441,28.28,78.61,1.4,2024,6,30,6,26,182,1,-0.7818314824680299,0.6234898018587334,1.2246467991473532e-16,-1.0,0.3,0.5,0.5,0.4428571428571428,0.09759000729485322,2223.0908,182.15148,0.0,1.0,1.0,0.0,2.0,4.0,0.25
2024-07-01,0,0,6,10,57,205,719,1.0,0,0,7.1287,28.66,77.61,1.39,2024,7,1,0,27,183,0,0.0,1.0,-0.4999999999999997,-0.8660254037844388,0.9,0.4,0.4,0.5,0.19999999999999996,2224.3026,204.30854200000002,1.0,0.0,1.0,4.0,0.0,5.0,0.3125
2024-07-02,0,0,6,10,57,205,719,1.0,0,0,4.7765,30.12,75.34,1.45,2024,7,2,1,27,184,0,0.7818314824680298,0.6234898018587336,-0.4999999999999997,-0.8660254037844388,0.1,0.3,0.6,0.45714285714285713,0.25071326821120343,2269.2408,143.86818000000002,1.0,0.0,1.0,12.0,0.0,4.0,0.25
2024-06-26,0,0,2,29,76,60,740,1.0,0,0,8.8076,27.42,81.7,1.55,2024,6,26,2,26,178,0,0.9749279121818236,-0.22252093395631434,1.2246467991473532e-16,-1.0,0.3,0.4,1.0,0.5,0.294392028877595,2240.2140000000004,241.50439200000002,0.0,1.0,1.0,0.0,11.0,5.0,0.3125
2024-06-27,0,0,2,29,76,60,740,1.0,0,0,6.7032,28.91,80.34,1.57,2024,6,27,3,26,179,0,0.43388373911755823,-0.900968867902419,1.2246467991473532e-16,-1.0,0.4,0.3,0.2,0.41428571428571426,0.19518001458970693,2322.6294000000003,193.789512,1.0,1.0,0.0,5.0,8.0,0.0,0.0
2024-06-28,0,0,2,29,76,60,740,1.0,0,0,5.9756,28.03,80.37,1.5,2024,6,28,4,26,180,0,-0.433883739117558,-0.9009688679024191,1.2246467991473532e-16,-1.0,0.3,0.3,0.8,0.42857142857142855,0.1799470821684878,2252.7711000000004,167.496068,1.0,0.0,1.0,1.0,0.0,2.0,0.125
2024-06-29,0,0,2,29,76,60,740,1.0,1,0,3.0101,29.68,80.35,1.86,2024,6,29,5,26,181,1,-0.9749279121818236,-0.2225209339563146,1.2246467991473532e-16,-1.0,0.5,0.4,0.5,0.38571428571428573,0.08997354108424445,2384.788,89.33976799999999,0.0,1.0,1.0,0.0,5.0,1.0,0.0625
2024-06-30,0,0,2,29,76,60,740,1.0,1,0,6.441,28.28,78.61,1.4,2024,6,30,6,26,182,1,-0.7818314824680299,0.6234898018587334,1.2246467991473532e-16,-1.0,0.4,0.3,0.4,0.37142857142857144,0.07559289460184634,2223.0908,182.15148,1.0,1.0,1.0,10.0,1.0,11.0,0.6875
2024-07-01,0,0,2,29,76,60,740,1.0,0,0,7.1287,28.66,77.61,1.39,2024,7,1,0,27,183,0,0.0,1.0,-0.4999999999999997,-0.8660254037844388,0.1,0.5,0.3,0.3285714285714286,0.12535663410560238,2224.3026,204.30854200000002,0.0,0.0,1.0,0.0,0.0,8.0,0.5
2024-07-02,0,0,2,29,76,60,740,1.0,0,0,4.7765,30.12,75.34,1.45,2024,7,2,1,27,184,0,0.7818314824680298,0.6234898018587336,-0.4999999999999997,-0.8660254037844388,0.7,0.4,0.3,0.3857142857142857,0.18644544714716121,2269.2408,143.86818000000002,1.0,1.0,0.0,8.0,10.0,0.0,0.0
2024-06-26,0,0,5,18,80,111,764,0.854,0,1,8.8076,27.42,81.7,1.55,2024,6,26,2,26,178,0,0.9749279121818236,-0.22252093395631434,1.2246467991473532e-16,-1.0,0.7,0.5,0.7,0.54,0.2693201316896552,2240.2140000000004,241.50439200000002,1.0,1.0,1.0,4.0,10.0,8.0,0.5
2024-06-27,0,0,5,18,80,111,764,0.849,0,1,6.7032,28.91,80.34,1.57,2024,6,27,3,26,179,0,0.43388373911755823,-0.900968867902419,1.2246467991473532e-16,-1.0,0.4,0.3,0.1,0.49714285714285716,0.26342072088291774,2322.6294000000003,193.789512,0.0,0.0,0.0,0.0,0.0,0.0,0.0
2024-06-28,0,0,5,18,80,111,764,0.939,0,1,5.9756,28.03,80.37,1.5,2024,6,28,4,26,180,0,-0.433883739117558,-0.9009688679024191,1.2246467991473532e-16,-1.0,0.7,0.7,0.58,0.5828571428571429,0.20344649466254283,2252.7711000000004,167.496068,1.0,1.0,0.0,6.0,4.0,0.0,0.0
2024-06-29,0,0,5,18,80,111,764,0.849,1,1,3.0101,29.68,80.35,1.86,2024,6,29,5,26,181,1,-0.9749279121818236,-0.2225209339563146,1.2246467991473532e-16,-1.0,0.4,0.4,0.9,0.557142857142857,0.21491969707422365,2384.788,89.33976799999999,1.0,0.0,0.0,5.0,0.0,0.0,0.0
2024-06-30,0,0,5,18,80,111,764,0.883,1,1,6.441,28.28,78.61,1.4,2024,6,30,6,26,182,1,-0.7818314824680299,0.6234898018587334,1.2246467991473532e-16,-1.0,0.6,0.7,0.5,0.5142857142857142,0.15735915849388818,2223.0908,182.15148,0.0,1.0,1.0,0.0,6.0,10.0,0.625
2024-07-01,0,0,5,18,80,111,764,0.854,0,1,7.1287,28.66,77.61,1.39,2024,7,1,0,27,183,0,0.0,1.0,-0.4999999999999997,-0.8660254037844388,0.9,0.4,0.3,0.5714285714285714,0.21380899352993918,2224.3026,204.30854200000002,0.0,1.0,0.0,0.0,5.0,0.0,0.0
2024-07-02,0,0,5,18,80,111,764,0.826,0,0,4.7765,30.12,75.34,1.45,2024,7,2,1,27,184,0,0.7818314824680298,0.6234898018587336,-0.4999999999999997,-0.8660254037844388,0.3,0.6,0.7,0.5714285714285714,0.21380899352993918,2269.2408,143.86818000000002,0.0,0.0,1.0,0.0,0.0,4.0,0.25
2024-06-26,0,0,6,20,68,176,769,0.712,0,1,8.8076,27.42,81.7,1.55,2024,6,26,2,26,178,0,0.9749279121818236,-0.22252093395631434,1.2246467991473532e-16,-1.0,1.1,1.6,0.9,1.0571428571428572,0.4035556254807294,2240.2140000000004,241.50439200000002,1.0,0.0,0.0,5.0,0.0,0.0,0.0
2024-06-27,0,0,6,20,68,176,769,0.712,0,1,6.7032,28.91,80.34,1.57,2024,6,27,3,26,179,0,0.43388373911755823,-0.900968867902419,1.2246467991473532e-16,-1.0,0.4,0.6,0.9,0.9857142857142858,0.47409060817728155,2322.6294000000003,193.789512,1.0,0.0,1.0,9.0,0.0,1.0,0.0625
2024-06-28,0,0,6,20,68,176,769,0.712,0,1,5.9756,28.03,80.37,1.5,2024,6,28,4,26,180,0,-0.433883739117558,-0.9009688679024191,1.2246467991473532e-16,-1.0,0.8,1.1,0.7,0.9714285714285714,0.4785891965429423,2252.7711000000004,167.496068,0.0,1.0,1.0,0.0,5.0,4.0,0.25
2024-06-29,0,0,6,20,68,176,769,0.692,1,1,3.0101,29.68,80.35,1.86,2024,6,29,5,26,181,1,-0.9749279121818236,-0.2225209339563146,1.2246467991473532e-16,-1.0,1.1,0.4,1.6,1.0285714285714287,0.464450520200253,2384.788,89.33976799999999,0.0,1.0,0.0,0.0,9.0,0.0,0.0
2024-06-30,0,0,6,20,68,176,769,0.691,1,1,6.441,28.28,78.61,1.4,2024,6,30,6,26,182,1,-0.7818314824680299,0.6234898018587334,1.2246467991473532e-16,-1.0,0.8,0.8,1.6,0.9142857142857144,0.39339789623472166,2223.0908,182.15148,1.0,0.0,0.0,3.0,0.0,0.0,0.0
2024-07-01,0,0,6,20,68,176,769,0.689,0,1,7.1287,28.66,77.61,1.39,2024,7,1,0,27,183,0,0.0,1.0,-0.4999999999999997,-0.8660254037844388,1.8,1.1,0.6,0.9428571428571431,0.45408201482824245,2224.3026,204.30854200000002,1.0,0.0,0.0,4.0,0.0,0.0,0.0
2024-07-02,0,0,6,20,68,176,769,0.692,0,1,4.7765,30.12,75.34,1.45,2024,7,2,1,27,184,0,0.7818314824680298,0.6234898018587336,-0.4999999999999997,-0.8660254037844388,0.9,0.8,1.1,0.9857142857142858,0.42983939414844785,2269.2408,143.86818000000002,1.0,1.0,1.0,8.0,3.0,5.0,0.3125
2024-06-26,0,0,6,4,28,167,775,1.0,0,0,8.8076,27.42,81.7,1.55,2024,6,26,2,26,178,0,0.9749279121818236,-0.22252093395631434,1.2246467991473532e-16,-1.0,2.2,2.5,1.5,2.0714285714285716,0.4715728494951254,2240.2140000000004,241.50439200000002,0.0,1.0,1.0,0.0,7.0,1.0,0.0625
2024-06-27,0,0,6,4,28,167,775,1.0,0,0,6.7032,28.91,80.34,1.57,2024,6,27,3,26,179,0,0.43388373911755823,-0.900968867902419,1.2246467991473532e-16,-1.0,1.0,1.7,1.6,2.0,0.5944184833375669,2322.6294000000003,193.789512,1.0,0.0,0.0,7.0,0.0,0.0,0.0
2024-06-28,0,0,6,4,28,167,775,1.0,0,0,5.9756,28.03,80.37,1.5,2024,6,28,4,26,180,0,-0.433883739117558,-0.9009688679024191,1.2246467991473532e-16,-1.0,1.7,2.2,2.3,2.0142857142857142,0.5843188953205016,2252.7711000000004,167.496068,0.0,0.0,0.0,0.0,0.0,0.0,0.0
2024-06-29,0,0,6,4,28,167,775,1.0,1,0,3.0101,29.68,80.35,1.86,2024,6,29,5,26,181,1,-0.9749279121818236,-0.2225209339563146,1.2246467991473532e-16,-1.0,2.2,1.0,2.7,2.0,0.5773502691896257,2384.788,89.33976799999999,0.0,1.0,1.0,0.0,7.0,6.0,0.375
2024-06-30,0,0,6,4,28,167,775,1.0,1,0,6.441,28.28,78.61,1.4,2024,6,30,6,26,182,1,-0.7818314824680299,0.6234898018587334,1.2246467991473532e-16,-1.0,2.4,1.7,2.5,1.9571428571428573,0.5255382728122435,2223.0908,182.15148,1.0,0.0,1.0,2.0,0.0,7.0,0.4375
2024-07-01,0,0,6,4,28,167,775,1.0,0,0,7.1287,28.66,77.61,1.39,2024,7,1,0,27,183,0,0.0,1.0,-0.4999999999999997,-0.8660254037844388,3.6,2.2,1.7,2.1142857142857143,0.8050436249640376,2224.3026,204.30854200000002,1.0,0.0,0.0,3.0,0.0,0.0,0.0
2024-07-02,0,0,6,4,28,167,775,1.0,0,0,4.7765,30.12,75.34,1.45,2024,7,2,1,27,184,0,0.7818314824680298,0.6234898018587336,-0.4999999999999997,-0.8660254037844388,1.6,2.4,2.2,2.1,0.8144527815247077,2269.2408,143.86818000000002,0.0,1.0,0.0,0.0,2.0,0.0,0.0
2024-06-26,0,0,5,22,81,56,783,0.848,0,1,8.8076,27.42,81.7,1.55,2024,6,26,2,26,178,0,0.9749279121818236,-0.22252093395631434,1.2246467991473532e-16,-1.0,0.9,2.4,1.4,1.4142857142857144,0.5209880722517274,2240.2140000000004,241.50439200000002,0.0,0.0,0.0,0.0,0.0,0.0,0.0
2024-06-27,0,0,5,22,81,56,783,0.839,0,1,6.7032,28.91,80.34,1.57,2024,6,27,3,26,179,0,0.43388373911755823,-0.900968867902419,1.2246467991473532e-16,-1.0,1.0,0.9,1.4,1.3571428571428572,0.5442338432975994,2322.6294000000003,193.789512,0.0,0.0,0.0,0.0,0.0,0.0,0.0
2024-06-28,0,0,5,22,81,56,783,0.848,0,1,5.9756,28.03,80.37,1.5,2024,6,28,4,26,180,0,-0.433883739117558,-0.9009688679024191,1.2246467991473532e-16,-1.0,1.1,0.9,1.7,1.3142857142857145,0.5520524474738832,2252.7711000000004,167.496068,0.0,0.0,1.0,0.0,0.0,5.0,0.3125
2024-06-29,0,0,5,22,81,56,783,0.848,1,1,3.0101,29.68,80.35,1.86,2024,6,29,5,26,181,1,-0.9749279121818236,-0.2225209339563146,1.2246467991473532e-16,-1.0,1.4,1.0,1.2,1.2714285714285716,0.5282495802626055,2384.788,89.33976799999999,0.0,0.0,0.0,0.0,0.0,0.0,0.0
2024-06-30,0,0,5,22,81,56,783,0.848,1,1,6.441,28.28,78.61,1.4,2024,6,30,6,26,182,1,-0.7818314824680299,0.6234898018587334,1.2246467991473532e-16,-1.0,1.8,1.1,2.4,1.3571428571428572,0.5623081683476383,2223.0908,182.15148,0.0,0.0,0.0,0.0,0.0,0.0,0.0
2024-07-01,0,0,5,22,81,56,783,0.837,0,1,7.1287,28.66,77.61,1.39,2024,7,1,0,27,183,0,0.0,1.0,-0.4999999999999997,-0.8660254037844388,1.9,1.4,0.9,1.2857142857142858,0.4220133150686574,2224.3026,204.30854200000002,0.0,0.0,0.0,0.0,0.0,0.0,0.0
2024-07-02,0,0,5,22,81,56,783,0.848,0,1,4.7765,30.12,75.34,1.45,2024,7,2,1,27,184,0,0.7818314824680298,0.6234898018587336,-0.4999999999999997,-0.8660254037844388,1.0,1.8,0.9,1.3,0.4082482904638628,2269.2408,143.86818000000002,0.0,0.0,0.0,0.0,0.0,0.0,0.0
2024-06-26,0,0,6,4,28,1,796,1.0,0,0,8.8076,27.42,81.7,1.55,2024,6,26,2,26,178,0,0.9749279121818236,-0.22252093395631434,1.2246467991473532e-16,-1.0,1.6,2.2,2.3,1.614285714285714,0.7244045173533258,2240.2140000000004,241.50439200000002,0.0,0.0,0.0,0.0,0.0,0.0,0.0
2024-06-27,0,0,6,4,28,1,796,1.0,0,0,6.7032,28.91,80.34,1.57,2024,6,27,3,26,179,0,0.43388373911755823,-0.900968867902419,1.2246467991473532e-16,-1.0,1.4,1.0,0.9,1.4857142857142858,0.6593647736738025,2322.6294000000003,193.789512,0.0,0.0,1.0,0.0,0.0,8.0,0.5
2024-06-28,0,0,6,4,28,1,796,1.0,0,0,5.9756,28.03,80.37,1.5,2024,6,28,4,26,180,0,-0.433883739117558,-0.9009688679024191,1.2246467991473532e-16,-1.0,2.1,1.6,0.8,1.657142857142857,0.6373307431706683,2252.7711000000004,167.496068,0.0,0.0,0.0,0.0,0.0,0.0,0.0
2024-06-29,0,0,6,4,28,1,796,1.0,1,0,3.0101,29.68,80.35,1.86,2024,6,29,5,26,181,1,-0.9749279121818236,-0.2225209339563146,1.2246467991473532e-16,-1.0,1.9,1.4,2.5,1.8142857142857145,0.5145501965424802,2384.788,89.33976799999999,0.0,0.0,0.0,0.0,0.0,0.0,0.0
2024-06-30,0,0,6,4,28,1,796,1.0,1,0,6.441,28.28,78.61,1.4,2024,6,30,6,26,182,1,-0.7818314824680299,0.6234898018587334,1.2246467991473532e-16,-1.0,1.7,2.1,2.2,1.6999999999999997,0.4163331998932268,2223.0908,182.15148,1.0,0.0,0.0,5.0,0.0,0.0,0.0
2024-07-01,0,0,6,4,28,1,796,0.997,0,0,7.1287,28.66,77.61,1.39,2024,7,1,0,27,183,0,0.0,1.0,-0.4999999999999997,-0.8660254037844388,3.2,1.9,1.0,1.842857142857143,0.6948792289723037,2224.3026,204.30854200000002,1.0,0.0,0.0,7.0,0.0,0.0,0.0
2024-07-02,0,0,6,4,28,1,796,1.0,0,0,4.7765,30.12,75.34,1.45,2024,7,2,1,27,184,0,0.7818314824680298,0.6234898018587336,-0.4999999999999997,-0.8660254037844388,1.8,1.7,1.6,1.9571428571428573,0.5912053869204932,2269.2408,143.86818000000002,0.0,1.0,0.0,0.0,5.0,0.0,0.0
2024-06-26,0,0,6,21,64,184,806,1.0,0,0,8.8076,27.42,81.7,1.55,2024,6,26,2,26,178,0,0.9749279121818236,-0.22252093395631434,1.2246467991473532e-16,-1.0,0.3,0.5,0.6,0.5285714285714286,0.17994708216848715,2240.2140000000004,241.50439200000002,0.0,1.0,0.0,0.0,8.0,0.0,0.0
2024-06-27,0,0,6,21,64,184,806,1.0,0,0,6.7032,28.91,80.34,1.57,2024,6,27,3,26,179,0,0.43388373911755823,-0.900968867902419,1.2246467991473532e-16,-1.0,0.2,0.4,0.8,0.4714285714285714,0.21380899352993932,2322.6294000000003,193.789512,0.0,0.0,1.0,0.0,0.0,3.0,0.1875
2024-06-28,0,0,6,21,64,184,806,1.0,0,0,5.9756,28.03,80.37,1.5,2024,6,28,4,26,180,0,-0.433883739117558,-0.9009688679024191,1.2246467991473532e-16,-1.0,0.4,0.3,0.4,0.4142857142857143,0.15735915849388846,2252.7711000000004,167.496068,0.0,0.0,1.0,0.0,0.0,8.0,0.5
2024-06-29,0,0,6,21,64,184,806,1.0,1,0,3.0101,29.68,80.35,1.86,2024,6,29,5,26,181,1,-0.9749279121818236,-0.2225209339563146,1.2246467991473532e-16,-1.0,0.4,0.2,0.7,0.41428571428571426,0.15735915849388846,2384.788,89.33976799999999,0.0,0.0,1.0,0.0,0.0,7.0,0.4375
2024-06-30,0,0,6,21,64,184,806,1.0,1,0,6.441,28.28,78.61,1.4,2024,6,30,6,26,182,1,-0.7818314824680299,0.6234898018587334,1.2246467991473532e-16,-1.0,1.1,0.4,0.5,0.4714285714285715,0.29277002188455986,2223.0908,182.15148,0.0,0.0,1.0,0.0,0.0,8.0,0.5
2024-07-01,0,0,6,21,64,184,806,1.0,0,0,7.1287,28.66,77.61,1.39,2024,7,1,0,27,183,0,0.0,1.0,-0.4999999999999997,-0.8660254037844388,0.9,0.4,0.4,0.5285714285714286,0.3352326839390102,2224.3026,204.30854200000002,1.0,0.0,0.0,7.0,0.0,0.0,0.0
2024-07-02,0,0,6,21,64,184,806,1.0,0,0,4.7765,30.12,75.34,1.45,2024,7,2,1,27,184,0,0.7818314824680298,0.6234898018587336,-0.4999999999999997,-0.8660254037844388,0.1,1.1,0.3,0.48571428571428577,0.37161167647860316,2269.2408,143.86818000000002,0.0,0.0,0.0,0.0,0.0,0.0,0.0
2024-06-26,0,0,6,4,28,168,810,0.8,0,1,8.8076,27.42,81.7,1.55,2024,6,26,2,26,178,0,0.9749279121818236,-0.22252093395631434,1.2246467991473532e-16,-1.0,2.2,0.0,1.1,1.442857142857143,0.7322502824789328,2240.2140000000004,241.50439200000002,0.0,1.0,1.0,0.0,16.0,4.0,0.25
2024-06-27,0,0,6,4,28,168,810,0.8,0,1,6.7032,28.91,80.34,1.57,2024,6,27,3,26,179,0,0.43388373911755823,-0.900968867902419,1.2246467991473532e-16,-1.0,1.6,1.8,1.5,1.5142857142857145,0.7174690967295423,2322.6294000000003,193.789512,0.0,0.0,1.0,0.0,0.0,4.0,0.25
2024-06-28,0,0,6,4,28,168,810,0.8,0,1,5.9756,28.03,80.37,1.5,2024,6,28,4,26,180,0,-0.433883739117558,-0.9009688679024191,1.2246467991473532e-16,-1.0,1.8,2.2,1.5,1.5571428571428572,0.7253898787483024,2252.7711000000004,167.496068,0.0,0.0,0.0,0.0,0.0,0.0,0.0
